{"intervalMs":60000,"level":"info","message":"Starting rollback protection watchdog","service":"ota-server","timestamp":"2026-01-13 14:59:39"}
{"level":"info","message":"2:59:46 PM [express] serving on port 5000","service":"ota-server","timestamp":"2026-01-13 14:59:46"}
{"environment":"development","level":"info","message":"OTA Server started","port":5000,"service":"ota-server","timestamp":"2026-01-13 14:59:46"}
{"intervalMs":60000,"level":"info","message":"Starting rollback protection watchdog","service":"ota-server","timestamp":"2026-01-13 15:02:37"}
{"level":"info","message":"3:02:38 PM [express] serving on port 5000","service":"ota-server","timestamp":"2026-01-13 15:02:38"}
{"environment":"development","level":"info","message":"OTA Server started","port":5000,"service":"ota-server","timestamp":"2026-01-13 15:02:38"}
{"intervalMs":60000,"level":"info","message":"Starting rollback protection watchdog","service":"ota-server","timestamp":"2026-01-13 15:33:44"}
{"level":"info","message":"3:33:46 PM [express] serving on port 5000","service":"ota-server","timestamp":"2026-01-13 15:33:46"}
{"environment":"development","level":"info","message":"OTA Server started","port":5000,"service":"ota-server","timestamp":"2026-01-13 15:33:46"}
{"intervalMs":60000,"level":"info","message":"Starting rollback protection watchdog","service":"ota-server","timestamp":"2026-01-13 15:34:33"}
{"level":"info","message":"3:34:34 PM [express] serving on port 5000","service":"ota-server","timestamp":"2026-01-13 15:34:34"}
{"environment":"development","level":"info","message":"OTA Server started","port":5000,"service":"ota-server","timestamp":"2026-01-13 15:34:34"}
{"intervalMs":60000,"level":"info","message":"Starting rollback protection watchdog","service":"ota-server","timestamp":"2026-01-13 15:35:28"}
{"level":"info","message":"3:35:30 PM [express] serving on port 5000","service":"ota-server","timestamp":"2026-01-13 15:35:30"}
{"environment":"development","level":"info","message":"OTA Server started","port":5000,"service":"ota-server","timestamp":"2026-01-13 15:35:30"}
{"intervalMs":60000,"level":"info","message":"Starting rollback protection watchdog","service":"ota-server","timestamp":"2026-01-13 15:38:43"}
{"level":"info","message":"3:38:44 PM [express] serving on port 5000","service":"ota-server","timestamp":"2026-01-13 15:38:44"}
{"environment":"development","level":"info","message":"OTA Server started","port":5000,"service":"ota-server","timestamp":"2026-01-13 15:38:44"}
{"intervalMs":60000,"level":"info","message":"Starting rollback protection watchdog","service":"ota-server","timestamp":"2026-01-13 15:40:24"}
{"level":"info","message":"3:40:26 PM [express] serving on port 5000","service":"ota-server","timestamp":"2026-01-13 15:40:26"}
{"environment":"development","level":"info","message":"OTA Server started","port":5000,"service":"ota-server","timestamp":"2026-01-13 15:40:26"}
{"intervalMs":60000,"level":"info","message":"Starting rollback protection watchdog","service":"ota-server","timestamp":"2026-01-13 15:44:14"}
{"level":"info","message":"3:44:15 PM [express] serving on port 5000","service":"ota-server","timestamp":"2026-01-13 15:44:15"}
{"environment":"development","level":"info","message":"OTA Server started","port":5000,"service":"ota-server","timestamp":"2026-01-13 15:44:15"}
{"intervalMs":60000,"level":"info","message":"Starting rollback protection watchdog","service":"ota-server","timestamp":"2026-01-13 15:45:50"}
{"level":"info","message":"3:45:51 PM [express] serving on port 5000","service":"ota-server","timestamp":"2026-01-13 15:45:52"}
{"environment":"development","level":"info","message":"OTA Server started","port":5000,"service":"ota-server","timestamp":"2026-01-13 15:45:52"}
{"intervalMs":60000,"level":"info","message":"Starting rollback protection watchdog","service":"ota-server","timestamp":"2026-01-13 15:48:34"}
{"level":"info","message":"3:48:36 PM [express] serving on port 5000","service":"ota-server","timestamp":"2026-01-13 15:48:36"}
{"environment":"development","level":"info","message":"OTA Server started","port":5000,"service":"ota-server","timestamp":"2026-01-13 15:48:36"}
{"intervalMs":60000,"level":"info","message":"Starting rollback protection watchdog","service":"ota-server","timestamp":"2026-01-13 15:50:27"}
{"level":"info","message":"3:50:28 PM [express] serving on port 5000","service":"ota-server","timestamp":"2026-01-13 15:50:28"}
{"environment":"development","level":"info","message":"OTA Server started","port":5000,"service":"ota-server","timestamp":"2026-01-13 15:50:28"}
{"intervalMs":60000,"level":"info","message":"Starting rollback protection watchdog","service":"ota-server","timestamp":"2026-01-13 16:03:31"}
{"level":"info","message":"4:03:35 PM [express] serving on port 5000","service":"ota-server","timestamp":"2026-01-13 16:03:35"}
{"environment":"development","level":"info","message":"OTA Server started","port":5000,"service":"ota-server","timestamp":"2026-01-13 16:03:35"}
{"intervalMs":60000,"level":"info","message":"Starting rollback protection watchdog","service":"ota-server","timestamp":"2026-01-13 16:22:32"}
{"level":"info","message":"4:22:33 PM [express] serving on port 5000","service":"ota-server","timestamp":"2026-01-13 16:22:33"}
{"environment":"development","level":"info","message":"OTA Server started","port":5000,"service":"ota-server","timestamp":"2026-01-13 16:22:33"}
{"intervalMs":60000,"level":"info","message":"Starting rollback protection watchdog","service":"ota-server","timestamp":"2026-01-13 16:26:35"}
{"level":"info","message":"4:26:36 PM [express] serving on port 5000","service":"ota-server","timestamp":"2026-01-13 16:26:36"}
{"environment":"development","level":"info","message":"OTA Server started","port":5000,"service":"ota-server","timestamp":"2026-01-13 16:26:36"}
{"intervalMs":60000,"level":"info","message":"Starting rollback protection watchdog","service":"ota-server","timestamp":"2026-01-13 16:31:14"}
{"level":"info","message":"4:31:15 PM [express] serving on port 5000","service":"ota-server","timestamp":"2026-01-13 16:31:15"}
{"environment":"development","level":"info","message":"OTA Server started","port":5000,"service":"ota-server","timestamp":"2026-01-13 16:31:15"}
{"intervalMs":60000,"level":"info","message":"Starting rollback protection watchdog","service":"ota-server","timestamp":"2026-01-13 16:34:37"}
{"intervalMs":60000,"level":"info","message":"Starting rollback protection watchdog","service":"ota-server","timestamp":"2026-01-13 16:48:59"}
{"level":"info","message":"4:49:00 PM [express] serving on port 5000","service":"ota-server","timestamp":"2026-01-13 16:49:00"}
{"environment":"development","level":"info","message":"OTA Server started","port":5000,"service":"ota-server","timestamp":"2026-01-13 16:49:00"}
{"intervalMs":60000,"level":"info","message":"Starting rollback protection watchdog","service":"ota-server","timestamp":"2026-01-13 16:55:09"}
{"level":"info","message":"4:55:10 PM [express] serving on port 5000","service":"ota-server","timestamp":"2026-01-13 16:55:10"}
{"environment":"development","level":"info","message":"OTA Server started","port":5000,"service":"ota-server","timestamp":"2026-01-13 16:55:10"}
{"intervalMs":60000,"level":"info","message":"Starting rollback protection watchdog","service":"ota-server","timestamp":"2026-01-13 17:01:53"}
{"level":"info","message":"5:01:56 PM [express] serving on port 5000","service":"ota-server","timestamp":"2026-01-13 17:01:56"}
{"environment":"development","level":"info","message":"OTA Server started","port":5000,"service":"ota-server","timestamp":"2026-01-13 17:01:56"}
{"intervalMs":60000,"level":"info","message":"Starting rollback protection watchdog","service":"ota-server","timestamp":"2026-01-13 18:00:38"}
{"level":"info","message":"6:00:39 PM [express] serving on port 5000","service":"ota-server","timestamp":"2026-01-13 18:00:39"}
{"environment":"development","level":"info","message":"OTA Server started","port":5000,"service":"ota-server","timestamp":"2026-01-13 18:00:39"}
{"intervalMs":60000,"level":"info","message":"Starting rollback protection watchdog","service":"ota-server","timestamp":"2026-01-13 18:02:59"}
{"level":"info","message":"6:03:00 PM [express] serving on port 5000","service":"ota-server","timestamp":"2026-01-13 18:03:00"}
{"environment":"development","level":"info","message":"OTA Server started","port":5000,"service":"ota-server","timestamp":"2026-01-13 18:03:00"}
{"intervalMs":60000,"level":"info","message":"Starting rollback protection watchdog","service":"ota-server","timestamp":"2026-01-13 18:08:08"}
{"level":"info","message":"6:08:09 PM [express] serving on port 5000","service":"ota-server","timestamp":"2026-01-13 18:08:09"}
{"environment":"development","level":"info","message":"OTA Server started","port":5000,"service":"ota-server","timestamp":"2026-01-13 18:08:09"}
{"intervalMs":60000,"level":"info","message":"Starting rollback protection watchdog","service":"ota-server","timestamp":"2026-01-13 18:13:56"}
{"level":"info","message":"6:13:57 PM [express] serving on port 5000","service":"ota-server","timestamp":"2026-01-13 18:13:57"}
{"environment":"development","level":"info","message":"OTA Server started","port":5000,"service":"ota-server","timestamp":"2026-01-13 18:13:57"}
{"intervalMs":60000,"level":"info","message":"Starting rollback protection watchdog","service":"ota-server","timestamp":"2026-01-14 11:45:33"}
{"level":"info","message":"11:45:36 AM [express] serving on port 5000","service":"ota-server","timestamp":"2026-01-14 11:45:36"}
{"environment":"development","level":"info","message":"OTA Server started","port":5000,"service":"ota-server","timestamp":"2026-01-14 11:45:36"}
{"intervalMs":60000,"level":"info","message":"Starting rollback protection watchdog","service":"ota-server","timestamp":"2026-01-14 11:58:35"}
{"level":"info","message":"11:58:36 AM [express] serving on port 5000","service":"ota-server","timestamp":"2026-01-14 11:58:36"}
{"environment":"development","level":"info","message":"OTA Server started","port":5000,"service":"ota-server","timestamp":"2026-01-14 11:58:36"}
{"intervalMs":60000,"level":"info","message":"Starting rollback protection watchdog","service":"ota-server","timestamp":"2026-01-14 12:08:45"}
{"level":"info","message":"12:08:46 PM [express] serving on port 5000","service":"ota-server","timestamp":"2026-01-14 12:08:46"}
{"environment":"development","level":"info","message":"OTA Server started","port":5000,"service":"ota-server","timestamp":"2026-01-14 12:08:46"}
{"intervalMs":60000,"level":"info","message":"Starting rollback protection watchdog","service":"ota-server","timestamp":"2026-01-14 12:15:31"}
{"level":"info","message":"12:15:32 PM [express] serving on port 5000","service":"ota-server","timestamp":"2026-01-14 12:15:32"}
{"environment":"development","level":"info","message":"OTA Server started","port":5000,"service":"ota-server","timestamp":"2026-01-14 12:15:32"}
{"intervalMs":60000,"level":"info","message":"Starting rollback protection watchdog","service":"ota-server","timestamp":"2026-01-14 12:22:49"}
{"level":"info","message":"12:22:50 PM [express] serving on port 5000","service":"ota-server","timestamp":"2026-01-14 12:22:50"}
{"environment":"development","level":"info","message":"OTA Server started","port":5000,"service":"ota-server","timestamp":"2026-01-14 12:22:50"}
{"intervalMs":60000,"level":"info","message":"Starting rollback protection watchdog","service":"ota-server","timestamp":"2026-01-14 12:36:23"}
{"level":"info","message":"12:36:24 PM [express] serving on port 5000","service":"ota-server","timestamp":"2026-01-14 12:36:24"}
{"environment":"development","level":"info","message":"OTA Server started","port":5000,"service":"ota-server","timestamp":"2026-01-14 12:36:24"}
{"intervalMs":60000,"level":"info","message":"Starting rollback protection watchdog","service":"ota-server","timestamp":"2026-01-14 12:49:38"}
{"level":"info","message":"12:49:39 PM [express] serving on port 5000","service":"ota-server","timestamp":"2026-01-14 12:49:39"}
{"environment":"development","level":"info","message":"OTA Server started","port":5000,"service":"ota-server","timestamp":"2026-01-14 12:49:39"}
{"level":"info","mac":"DE81284280EB","message":"Client subscribed to remote console","service":"ota-server","timestamp":"2026-01-14 12:49:59"}
{"level":"info","mac":"DE81284280EB","message":"Client subscribed to remote console","service":"ota-server","timestamp":"2026-01-14 12:50:29"}
{"level":"info","mac":"3C8A1F3B3C44","message":"Client subscribed to remote console","service":"ota-server","timestamp":"2026-01-14 12:50:49"}
{"intervalMs":60000,"level":"info","message":"Starting rollback protection watchdog","service":"ota-server","timestamp":"2026-01-14 13:03:22"}
{"level":"info","message":"1:03:23 PM [express] serving on port 5000","service":"ota-server","timestamp":"2026-01-14 13:03:23"}
{"environment":"development","level":"info","message":"OTA Server started","port":5000,"service":"ota-server","timestamp":"2026-01-14 13:03:23"}
{"intervalMs":60000,"level":"info","message":"Starting rollback protection watchdog","service":"ota-server","timestamp":"2026-01-14 14:57:12"}
{"level":"info","message":"2:57:15 PM [express] serving on port 5000","service":"ota-server","timestamp":"2026-01-14 14:57:15"}
{"environment":"development","level":"info","message":"OTA Server started","port":5000,"service":"ota-server","timestamp":"2026-01-14 14:57:15"}
{"filename":"default_v0.0.0.ino.bin","ip":"127.0.0.1","level":"info","message":"Firmware file download","service":"ota-server","timestamp":"2026-01-14 15:00:42"}
{"level":"info","mac":"DE81284280EB","message":"Client subscribed to device logs","service":"ota-server","timestamp":"2026-01-14 15:13:15"}
{"intervalMs":60000,"level":"info","message":"Starting rollback protection watchdog","service":"ota-server","timestamp":"2026-01-14 15:16:37"}
{"level":"info","message":"3:16:38 PM [express] serving on port 5000","service":"ota-server","timestamp":"2026-01-14 15:16:38"}
{"environment":"development","level":"info","message":"OTA Server started","port":5000,"service":"ota-server","timestamp":"2026-01-14 15:16:38"}
{"intervalMs":60000,"level":"info","message":"Starting rollback protection watchdog","service":"ota-server","timestamp":"2026-01-14 15:27:31"}
{"level":"info","message":"3:27:32 PM [express] serving on port 5000","service":"ota-server","timestamp":"2026-01-14 15:27:32"}
{"environment":"development","level":"info","message":"OTA Server started","port":5000,"service":"ota-server","timestamp":"2026-01-14 15:27:32"}
{"intervalMs":60000,"level":"info","message":"Starting rollback protection watchdog","service":"ota-server","timestamp":"2026-01-14 15:32:35"}
{"level":"info","message":"3:32:36 PM [express] serving on port 5000","service":"ota-server","timestamp":"2026-01-14 15:32:36"}
{"environment":"development","level":"info","message":"OTA Server started","port":5000,"service":"ota-server","timestamp":"2026-01-14 15:32:36"}
{"intervalMs":60000,"level":"info","message":"Starting rollback protection watchdog","service":"ota-server","timestamp":"2026-01-14 15:40:19"}
{"level":"info","message":"3:40:20 PM [express] serving on port 5000","service":"ota-server","timestamp":"2026-01-14 15:40:20"}
{"environment":"development","level":"info","message":"OTA Server started","port":5000,"service":"ota-server","timestamp":"2026-01-14 15:40:20"}
{"intervalMs":60000,"level":"info","message":"Starting rollback protection watchdog","service":"ota-server","timestamp":"2026-01-14 16:00:29"}
{"level":"info","message":"4:00:31 PM [express] serving on port 5000","service":"ota-server","timestamp":"2026-01-14 16:00:31"}
{"environment":"development","level":"info","message":"OTA Server started","port":5000,"service":"ota-server","timestamp":"2026-01-14 16:00:31"}
{"intervalMs":60000,"level":"info","message":"Starting rollback protection watchdog","service":"ota-server","timestamp":"2026-01-14 17:09:19"}
{"level":"info","message":"5:09:23 PM [express] serving on port 5000","service":"ota-server","timestamp":"2026-01-14 17:09:23"}
{"environment":"development","level":"info","message":"OTA Server started","port":5000,"service":"ota-server","timestamp":"2026-01-14 17:09:23"}
{"intervalMs":60000,"level":"info","message":"Starting rollback protection watchdog","service":"ota-server","timestamp":"2026-01-14 17:20:10"}
{"level":"info","message":"5:20:12 PM [express] serving on port 5000","service":"ota-server","timestamp":"2026-01-14 17:20:12"}
{"environment":"development","level":"info","message":"OTA Server started","port":5000,"service":"ota-server","timestamp":"2026-01-14 17:20:12"}
{"intervalMs":60000,"level":"info","message":"Starting rollback protection watchdog","service":"ota-server","timestamp":"2026-01-14 17:29:01"}
{"intervalMs":60000,"level":"info","message":"Starting rollback protection watchdog","service":"ota-server","timestamp":"2026-01-14 17:51:02"}
{"level":"info","message":"5:51:03 PM [express] serving on port 5000","service":"ota-server","timestamp":"2026-01-14 17:51:03"}
{"environment":"development","level":"info","message":"OTA Server started","port":5000,"service":"ota-server","timestamp":"2026-01-14 17:51:03"}
{"intervalMs":60000,"level":"info","message":"Starting rollback protection watchdog","service":"ota-server","timestamp":"2026-01-14 17:56:49"}
{"level":"info","message":"5:56:50 PM [express] serving on port 5000","service":"ota-server","timestamp":"2026-01-14 17:56:50"}
{"environment":"development","level":"info","message":"OTA Server started","port":5000,"service":"ota-server","timestamp":"2026-01-14 17:56:50"}
{"intervalMs":60000,"level":"info","message":"Starting rollback protection watchdog","service":"ota-server","timestamp":"2026-01-14 18:19:14"}
{"level":"info","message":"6:19:15 PM [express] serving on port 5000","service":"ota-server","timestamp":"2026-01-14 18:19:15"}
{"environment":"development","level":"info","message":"OTA Server started","port":5000,"service":"ota-server","timestamp":"2026-01-14 18:19:15"}
{"intervalMs":60000,"level":"info","message":"Starting rollback protection watchdog","service":"ota-server","timestamp":"2026-01-14 18:22:29"}
{"level":"info","message":"6:22:31 PM [express] serving on port 5000","service":"ota-server","timestamp":"2026-01-14 18:22:31"}
{"environment":"development","level":"info","message":"OTA Server started","port":5000,"service":"ota-server","timestamp":"2026-01-14 18:22:31"}
{"intervalMs":60000,"level":"info","message":"Starting rollback protection watchdog","service":"ota-server","timestamp":"2026-01-14 18:25:11"}
{"level":"info","message":"6:25:13 PM [express] serving on port 5000","service":"ota-server","timestamp":"2026-01-14 18:25:13"}
{"environment":"development","level":"info","message":"OTA Server started","port":5000,"service":"ota-server","timestamp":"2026-01-14 18:25:13"}
{"intervalMs":60000,"level":"info","message":"Starting rollback protection watchdog","service":"ota-server","timestamp":"2026-01-14 18:29:26"}
{"level":"info","message":"6:29:26 PM [express] serving on port 5000","service":"ota-server","timestamp":"2026-01-14 18:29:27"}
{"environment":"development","level":"info","message":"OTA Server started","port":5000,"service":"ota-server","timestamp":"2026-01-14 18:29:27"}
{"intervalMs":60000,"level":"info","message":"Starting rollback protection watchdog","service":"ota-server","timestamp":"2026-01-14 18:30:54"}
{"intervalMs":60000,"level":"info","message":"Starting rollback protection watchdog","service":"ota-server","timestamp":"2026-01-14 18:35:30"}
{"level":"info","message":"6:35:31 PM [express] serving on port 5000","service":"ota-server","timestamp":"2026-01-14 18:35:31"}
{"environment":"development","level":"info","message":"OTA Server started","port":5000,"service":"ota-server","timestamp":"2026-01-14 18:35:31"}
{"intervalMs":60000,"level":"info","message":"Starting rollback protection watchdog","service":"ota-server","timestamp":"2026-01-14 18:42:12"}
{"level":"info","message":"6:42:13 PM [express] serving on port 5000","service":"ota-server","timestamp":"2026-01-14 18:42:13"}
{"environment":"development","level":"info","message":"OTA Server started","port":5000,"service":"ota-server","timestamp":"2026-01-14 18:42:13"}
{"intervalMs":60000,"level":"info","message":"Starting rollback protection watchdog","service":"ota-server","timestamp":"2026-01-15 11:05:06"}
{"level":"info","message":"11:05:09 AM [express] serving on port 5000","service":"ota-server","timestamp":"2026-01-15 11:05:09"}
{"environment":"development","level":"info","message":"OTA Server started","port":5000,"service":"ota-server","timestamp":"2026-01-15 11:05:09"}
{"intervalMs":60000,"level":"info","message":"Starting rollback protection watchdog","service":"ota-server","timestamp":"2026-01-15 11:10:51"}
{"level":"info","message":"11:10:54 AM [express] serving on port 5000","service":"ota-server","timestamp":"2026-01-15 11:10:54"}
{"environment":"development","level":"info","message":"OTA Server started","port":5000,"service":"ota-server","timestamp":"2026-01-15 11:10:54"}
{"intervalMs":60000,"level":"info","message":"Starting rollback protection watchdog","service":"ota-server","timestamp":"2026-01-15 11:24:08"}
{"level":"info","message":"11:24:09 AM [express] serving on port 5000","service":"ota-server","timestamp":"2026-01-15 11:24:09"}
{"environment":"development","level":"info","message":"OTA Server started","port":5000,"service":"ota-server","timestamp":"2026-01-15 11:24:09"}
{"intervalMs":60000,"level":"info","message":"Starting rollback protection watchdog","service":"ota-server","timestamp":"2026-01-15 11:26:33"}
{"intervalMs":60000,"level":"info","message":"Starting rollback protection watchdog","service":"ota-server","timestamp":"2026-01-15 11:27:19"}
{"level":"info","message":"11:27:20 AM [express] serving on port 5000","service":"ota-server","timestamp":"2026-01-15 11:27:20"}
{"environment":"development","level":"info","message":"OTA Server started","port":5000,"service":"ota-server","timestamp":"2026-01-15 11:27:20"}
{"details":{"body":{},"query":{},"stack":"SyntaxError: Expected property name or '}' in JSON at position 1\n    at JSON.parse (<anonymous>)\n    at parse (D:\\project\\ota-master\\node_modules\\body-parser\\lib\\types\\json.js:92:19)\n    at D:\\project\\ota-master\\node_modules\\body-parser\\lib\\read.js:128:18\n    at AsyncResource.runInAsyncScope (node:async_hooks:206:9)\n    at invokeCallback (D:\\project\\ota-master\\node_modules\\raw-body\\index.js:238:16)\n    at done (D:\\project\\ota-master\\node_modules\\raw-body\\index.js:227:7)\n    at IncomingMessage.onEnd (D:\\project\\ota-master\\node_modules\\raw-body\\index.js:287:7)\n    at IncomingMessage.emit (node:events:519:28)\n    at endReadableNT (node:internal/streams/readable:1696:12)\n    at process.processTicksAndRejections (node:internal/process/task_queues:82:21)","status":400},"endpoint":"/api/auth/login","error":"Expected property name or '}' in JSON at position 1","event":"api_error","level":"error","message":"API error","method":"POST","service":"ota-server","timestamp":"2026-01-15 11:30:08"}
{"intervalMs":60000,"level":"info","message":"Starting rollback protection watchdog","service":"ota-server","timestamp":"2026-01-15 11:30:53"}
{"level":"info","message":"11:30:56 AM [express] serving on port 5000","service":"ota-server","timestamp":"2026-01-15 11:30:56"}
{"environment":"development","level":"info","message":"OTA Server started","port":5000,"service":"ota-server","timestamp":"2026-01-15 11:30:56"}
{"intervalMs":60000,"level":"info","message":"Starting rollback protection watchdog","service":"ota-server","timestamp":"2026-01-15 11:34:49"}
{"level":"info","message":"11:34:51 AM [express] serving on port 5000","service":"ota-server","timestamp":"2026-01-15 11:34:51"}
{"environment":"development","level":"info","message":"OTA Server started","port":5000,"service":"ota-server","timestamp":"2026-01-15 11:34:51"}
{"ip":"127.0.0.1","level":"warn","message":"Failed login attempt","service":"ota-server","timestamp":"2026-01-15 11:35:48"}
{"ip":"127.0.0.1","level":"warn","message":"Failed login attempt","service":"ota-server","timestamp":"2026-01-15 11:35:48"}
{"ip":"127.0.0.1","level":"warn","message":"Failed login attempt","service":"ota-server","timestamp":"2026-01-15 11:36:00"}
{"error":"Column 'email' cannot be null","level":"error","message":"Registration error","service":"ota-server","timestamp":"2026-01-15 11:36:30"}
{"error":"Column 'email' cannot be null","level":"error","message":"Registration error","service":"ota-server","timestamp":"2026-01-15 11:37:09"}
{"ip":"127.0.0.1","level":"warn","message":"Failed login attempt","service":"ota-server","timestamp":"2026-01-15 11:37:55"}
{"ip":"127.0.0.1","level":"warn","message":"Failed login attempt","service":"ota-server","timestamp":"2026-01-15 11:37:59"}
{"ip":"127.0.0.1","level":"warn","message":"Failed login attempt","service":"ota-server","timestamp":"2026-01-15 11:38:00"}
{"ip":"127.0.0.1","level":"warn","message":"Failed login attempt","service":"ota-server","timestamp":"2026-01-15 11:38:00"}
{"ip":"127.0.0.1","level":"warn","message":"Failed login attempt","service":"ota-server","timestamp":"2026-01-15 11:38:00"}
{"ip":"127.0.0.1","level":"warn","message":"Failed login attempt","service":"ota-server","timestamp":"2026-01-15 11:38:00"}
{"ip":"127.0.0.1","level":"warn","message":"Failed login attempt","service":"ota-server","timestamp":"2026-01-15 11:38:01"}
{"ip":"127.0.0.1","level":"warn","message":"Failed login attempt","service":"ota-server","timestamp":"2026-01-15 11:38:15"}
{"error":"Column 'email' cannot be null","level":"error","message":"Registration error","service":"ota-server","timestamp":"2026-01-15 11:40:05"}
{"error":"Column 'email' cannot be null","level":"error","message":"Registration error","service":"ota-server","timestamp":"2026-01-15 11:40:06"}
{"error":"Column 'email' cannot be null","level":"error","message":"Registration error","service":"ota-server","timestamp":"2026-01-15 11:40:34"}
{"ip":"127.0.0.1","level":"warn","message":"Failed login attempt","service":"ota-server","timestamp":"2026-01-15 11:40:59"}
{"ip":"127.0.0.1","level":"warn","message":"Failed login attempt","service":"ota-server","timestamp":"2026-01-15 11:42:16"}
{"ip":"127.0.0.1","level":"warn","message":"Failed login attempt","service":"ota-server","timestamp":"2026-01-15 11:42:17"}
{"ip":"127.0.0.1","level":"warn","message":"Failed login attempt","service":"ota-server","timestamp":"2026-01-15 11:42:18"}
{"ip":"127.0.0.1","level":"warn","message":"Failed login attempt","service":"ota-server","timestamp":"2026-01-15 11:42:18"}
{"ip":"127.0.0.1","level":"warn","message":"Failed login attempt","service":"ota-server","timestamp":"2026-01-15 11:42:18"}
{"ip":"127.0.0.1","level":"warn","message":"Failed login attempt","service":"ota-server","timestamp":"2026-01-15 11:42:19"}
{"ip":"127.0.0.1","level":"warn","message":"Failed login attempt","service":"ota-server","timestamp":"2026-01-15 11:42:20"}
{"ip":"127.0.0.1","level":"warn","message":"Failed login attempt","service":"ota-server","timestamp":"2026-01-15 11:42:20"}
{"intervalMs":60000,"level":"info","message":"Starting rollback protection watchdog","service":"ota-server","timestamp":"2026-01-15 11:42:52"}
{"intervalMs":60000,"level":"info","message":"Starting rollback protection watchdog","service":"ota-server","timestamp":"2026-01-15 11:43:38"}
{"level":"info","message":"11:43:41 AM [express] serving on port 5000","service":"ota-server","timestamp":"2026-01-15 11:43:41"}
{"environment":"development","level":"info","message":"OTA Server started","port":5000,"service":"ota-server","timestamp":"2026-01-15 11:43:41"}
{"ip":"127.0.0.1","level":"warn","message":"Failed login attempt","service":"ota-server","timestamp":"2026-01-15 11:44:45"}
{"ip":"127.0.0.1","level":"warn","message":"Failed login attempt","service":"ota-server","timestamp":"2026-01-15 11:44:46"}
{"error":"Column 'email' cannot be null","level":"error","message":"Registration error","service":"ota-server","timestamp":"2026-01-15 11:45:49"}
{"error":"Column 'email' cannot be null","level":"error","message":"Registration error","service":"ota-server","timestamp":"2026-01-15 11:47:44"}
{"ip":"127.0.0.1","level":"warn","message":"Failed login attempt","service":"ota-server","timestamp":"2026-01-15 11:48:45"}
{"intervalMs":60000,"level":"info","message":"Starting rollback protection watchdog","service":"ota-server","timestamp":"2026-01-15 11:50:23"}
{"level":"info","message":"11:50:27 AM [express] serving on port 5000","service":"ota-server","timestamp":"2026-01-15 11:50:28"}
{"environment":"development","level":"info","message":"OTA Server started","port":5000,"service":"ota-server","timestamp":"2026-01-15 11:50:28"}
{"ip":"127.0.0.1","level":"warn","message":"Failed login attempt","service":"ota-server","timestamp":"2026-01-15 11:51:27"}
{"level":"info","message":"New user registered with PIN","service":"ota-server","timestamp":"2026-01-15 11:52:17","userId":"513e2b83-043a-4f21-b0fc-ca25412f1eed"}
{"level":"info","message":"User logged in","service":"ota-server","timestamp":"2026-01-15 11:52:59","userId":"513e2b83-043a-4f21-b0fc-ca25412f1eed"}
{"level":"info","message":"User logged in","service":"ota-server","timestamp":"2026-01-15 11:53:11","userId":"513e2b83-043a-4f21-b0fc-ca25412f1eed"}
{"ip":"127.0.0.1","level":"warn","message":"Failed login attempt","service":"ota-server","timestamp":"2026-01-15 11:55:38"}
{"ip":"127.0.0.1","level":"warn","message":"Failed login attempt","service":"ota-server","timestamp":"2026-01-15 11:55:39"}
{"level":"info","message":"User logged in","service":"ota-server","timestamp":"2026-01-15 11:55:42","userId":"513e2b83-043a-4f21-b0fc-ca25412f1eed"}
{"intervalMs":60000,"level":"info","message":"Starting rollback protection watchdog","service":"ota-server","timestamp":"2026-01-15 11:58:55"}
{"intervalMs":60000,"level":"info","message":"Starting rollback protection watchdog","service":"ota-server","timestamp":"2026-01-15 12:00:09"}
{"level":"info","message":"12:00:11 PM [express] serving on port 5000","service":"ota-server","timestamp":"2026-01-15 12:00:11"}
{"environment":"development","level":"info","message":"OTA Server started","port":5000,"service":"ota-server","timestamp":"2026-01-15 12:00:11"}
{"intervalMs":60000,"level":"info","message":"Starting rollback protection watchdog","service":"ota-server","timestamp":"2026-01-15 12:04:05"}
{"level":"info","message":"12:04:06 PM [express] serving on port 5000","service":"ota-server","timestamp":"2026-01-15 12:04:06"}
{"environment":"development","level":"info","message":"OTA Server started","port":5000,"service":"ota-server","timestamp":"2026-01-15 12:04:06"}
{"intervalMs":60000,"level":"info","message":"Starting rollback protection watchdog","service":"ota-server","timestamp":"2026-01-15 12:06:40"}
{"level":"info","message":"12:06:42 PM [express] serving on port 5000","service":"ota-server","timestamp":"2026-01-15 12:06:42"}
{"environment":"development","level":"info","message":"OTA Server started","port":5000,"service":"ota-server","timestamp":"2026-01-15 12:06:42"}
{"intervalMs":60000,"level":"info","message":"Starting rollback protection watchdog","service":"ota-server","timestamp":"2026-01-15 12:07:40"}
{"level":"info","message":"12:07:41 PM [express] serving on port 5000","service":"ota-server","timestamp":"2026-01-15 12:07:41"}
{"environment":"development","level":"info","message":"OTA Server started","port":5000,"service":"ota-server","timestamp":"2026-01-15 12:07:41"}
{"intervalMs":60000,"level":"info","message":"Starting rollback protection watchdog","service":"ota-server","timestamp":"2026-01-15 12:09:52"}
{"level":"info","message":"12:09:54 PM [express] serving on port 5000","service":"ota-server","timestamp":"2026-01-15 12:09:54"}
{"environment":"development","level":"info","message":"OTA Server started","port":5000,"service":"ota-server","timestamp":"2026-01-15 12:09:54"}
{"intervalMs":60000,"level":"info","message":"Starting rollback protection watchdog","service":"ota-server","timestamp":"2026-01-15 12:16:08"}
{"level":"info","message":"12:16:10 PM [express] serving on port 5000","service":"ota-server","timestamp":"2026-01-15 12:16:10"}
{"environment":"development","level":"info","message":"OTA Server started","port":5000,"service":"ota-server","timestamp":"2026-01-15 12:16:10"}
{"level":"info","message":"User logged in","service":"ota-server","timestamp":"2026-01-15 12:20:19","userId":"513e2b83-043a-4f21-b0fc-ca25412f1eed"}
{"intervalMs":60000,"level":"info","message":"Starting rollback protection watchdog","service":"ota-server","timestamp":"2026-01-15 12:22:32"}
{"level":"info","message":"12:22:35 PM [express] serving on port 5000","service":"ota-server","timestamp":"2026-01-15 12:22:35"}
{"environment":"development","level":"info","message":"OTA Server started","port":5000,"service":"ota-server","timestamp":"2026-01-15 12:22:35"}
{"intervalMs":60000,"level":"info","message":"Starting rollback protection watchdog","service":"ota-server","timestamp":"2026-01-15 12:24:29"}
{"level":"info","message":"12:24:31 PM [express] serving on port 5000","service":"ota-server","timestamp":"2026-01-15 12:24:32"}
{"environment":"development","level":"info","message":"OTA Server started","port":5000,"service":"ota-server","timestamp":"2026-01-15 12:24:32"}
{"intervalMs":60000,"level":"info","message":"Starting rollback protection watchdog","service":"ota-server","timestamp":"2026-01-15 12:28:13"}
{"level":"info","message":"12:28:17 PM [express] serving on port 5000","service":"ota-server","timestamp":"2026-01-15 12:28:17"}
{"environment":"development","level":"info","message":"OTA Server started","port":5000,"service":"ota-server","timestamp":"2026-01-15 12:28:17"}
{"intervalMs":60000,"level":"info","message":"Starting rollback protection watchdog","service":"ota-server","timestamp":"2026-01-15 13:15:55"}
{"level":"info","message":"1:16:02 PM [express] serving on port 5000","service":"ota-server","timestamp":"2026-01-15 13:16:02"}
{"environment":"development","level":"info","message":"OTA Server started","port":5000,"service":"ota-server","timestamp":"2026-01-15 13:16:02"}
{"intervalMs":60000,"level":"info","message":"Starting rollback protection watchdog","service":"ota-server","timestamp":"2026-01-15 13:18:38"}
{"level":"info","message":"1:18:39 PM [express] serving on port 5000","service":"ota-server","timestamp":"2026-01-15 13:18:39"}
{"environment":"development","level":"info","message":"OTA Server started","port":5000,"service":"ota-server","timestamp":"2026-01-15 13:18:39"}
{"intervalMs":60000,"level":"info","message":"Starting rollback protection watchdog","service":"ota-server","timestamp":"2026-01-15 14:24:04"}
{"level":"info","message":"2:24:05 PM [express] serving on port 5000","service":"ota-server","timestamp":"2026-01-15 14:24:05"}
{"environment":"development","level":"info","message":"OTA Server started","port":5000,"service":"ota-server","timestamp":"2026-01-15 14:24:05"}
{"intervalMs":60000,"level":"info","message":"Starting rollback protection watchdog","service":"ota-server","timestamp":"2026-01-15 14:27:39"}
{"level":"info","message":"2:27:40 PM [express] serving on port 5000","service":"ota-server","timestamp":"2026-01-15 14:27:40"}
{"environment":"development","level":"info","message":"OTA Server started","port":5000,"service":"ota-server","timestamp":"2026-01-15 14:27:40"}
{"intervalMs":60000,"level":"info","message":"Starting rollback protection watchdog","service":"ota-server","timestamp":"2026-01-15 14:43:54"}
{"level":"info","message":"2:43:55 PM [express] serving on port 5000","service":"ota-server","timestamp":"2026-01-15 14:43:55"}
{"environment":"development","level":"info","message":"OTA Server started","port":5000,"service":"ota-server","timestamp":"2026-01-15 14:43:55"}
{"intervalMs":60000,"level":"info","message":"Starting rollback protection watchdog","service":"ota-server","timestamp":"2026-01-15 15:04:27"}
{"level":"info","message":"3:04:28 PM [express] serving on port 5000","service":"ota-server","timestamp":"2026-01-15 15:04:28"}
{"environment":"development","level":"info","message":"OTA Server started","port":5000,"service":"ota-server","timestamp":"2026-01-15 15:04:28"}
{"intervalMs":60000,"level":"info","message":"Starting rollback protection watchdog","service":"ota-server","timestamp":"2026-01-15 15:15:39"}
{"level":"info","message":"3:15:42 PM [express] serving on port 5000","service":"ota-server","timestamp":"2026-01-15 15:15:42"}
{"environment":"development","level":"info","message":"OTA Server started","port":5000,"service":"ota-server","timestamp":"2026-01-15 15:15:42"}
{"intervalMs":60000,"level":"info","message":"Starting rollback protection watchdog","service":"ota-server","timestamp":"2026-01-15 15:23:07"}
{"level":"info","message":"3:23:13 PM [express] serving on port 5000","service":"ota-server","timestamp":"2026-01-15 15:23:13"}
{"environment":"development","level":"info","message":"OTA Server started","port":5000,"service":"ota-server","timestamp":"2026-01-15 15:23:13"}
{"level":"info","message":"User logged in","service":"ota-server","timestamp":"2026-01-15 15:23:41","userId":"513e2b83-043a-4f21-b0fc-ca25412f1eed"}
{"intervalMs":60000,"level":"info","message":"Starting rollback protection watchdog","service":"ota-server","timestamp":"2026-01-15 15:26:55"}
{"level":"info","message":"3:26:57 PM [express] serving on port 5000","service":"ota-server","timestamp":"2026-01-15 15:26:57"}
{"environment":"development","level":"info","message":"OTA Server started","port":5000,"service":"ota-server","timestamp":"2026-01-15 15:26:57"}
{"intervalMs":60000,"level":"info","message":"Starting rollback protection watchdog","service":"ota-server","timestamp":"2026-01-15 15:28:38"}
{"level":"info","message":"3:28:41 PM [express] serving on port 5000","service":"ota-server","timestamp":"2026-01-15 15:28:41"}
{"environment":"development","level":"info","message":"OTA Server started","port":5000,"service":"ota-server","timestamp":"2026-01-15 15:28:41"}
{"intervalMs":60000,"level":"info","message":"Starting rollback protection watchdog","service":"ota-server","timestamp":"2026-01-15 15:30:38"}
{"level":"info","message":"User logged in","service":"ota-server","timestamp":"2026-01-15 15:32:24","userId":"513e2b83-043a-4f21-b0fc-ca25412f1eed"}
{"intervalMs":60000,"level":"info","message":"Starting rollback protection watchdog","service":"ota-server","timestamp":"2026-01-15 16:01:59"}
{"level":"info","message":"4:02:02 PM [express] serving on port 5000","service":"ota-server","timestamp":"2026-01-15 16:02:02"}
{"environment":"development","level":"info","message":"OTA Server started","port":5000,"service":"ota-server","timestamp":"2026-01-15 16:02:02"}
{"level":"info","message":"User logged in","service":"ota-server","timestamp":"2026-01-15 16:03:11","userId":"513e2b83-043a-4f21-b0fc-ca25412f1eed"}
{"intervalMs":60000,"level":"info","message":"Starting rollback protection watchdog","service":"ota-server","timestamp":"2026-01-15 16:15:50"}
{"level":"info","message":"4:15:51 PM [express] serving on port 5000","service":"ota-server","timestamp":"2026-01-15 16:15:51"}
{"environment":"development","level":"info","message":"OTA Server started","port":5000,"service":"ota-server","timestamp":"2026-01-15 16:15:51"}
{"intervalMs":60000,"level":"info","message":"Starting rollback protection watchdog","service":"ota-server","timestamp":"2026-01-15 16:23:13"}
{"level":"info","message":"4:23:15 PM [express] serving on port 5000","service":"ota-server","timestamp":"2026-01-15 16:23:15"}
{"environment":"development","level":"info","message":"OTA Server started","port":5000,"service":"ota-server","timestamp":"2026-01-15 16:23:15"}
{"intervalMs":60000,"level":"info","message":"Starting rollback protection watchdog","service":"ota-server","timestamp":"2026-01-15 16:41:29"}
{"level":"info","message":"4:41:30 PM [express] serving on port 5000","service":"ota-server","timestamp":"2026-01-15 16:41:30"}
{"environment":"development","level":"info","message":"OTA Server started","port":5000,"service":"ota-server","timestamp":"2026-01-15 16:41:30"}
{"intervalMs":60000,"level":"info","message":"Starting rollback protection watchdog","service":"ota-server","timestamp":"2026-01-15 16:53:27"}
{"level":"info","message":"4:53:29 PM [express] serving on port 5000","service":"ota-server","timestamp":"2026-01-15 16:53:29"}
{"environment":"development","level":"info","message":"OTA Server started","port":5000,"service":"ota-server","timestamp":"2026-01-15 16:53:29"}
{"intervalMs":60000,"level":"info","message":"Starting rollback protection watchdog","service":"ota-server","timestamp":"2026-01-15 16:56:40"}
{"level":"info","message":"4:56:41 PM [express] serving on port 5000","service":"ota-server","timestamp":"2026-01-15 16:56:41"}
{"environment":"development","level":"info","message":"OTA Server started","port":5000,"service":"ota-server","timestamp":"2026-01-15 16:56:41"}
{"intervalMs":60000,"level":"info","message":"Starting rollback protection watchdog","service":"ota-server","timestamp":"2026-01-15 17:03:43"}
{"level":"info","message":"5:03:44 PM [express] serving on port 5000","service":"ota-server","timestamp":"2026-01-15 17:03:44"}
{"environment":"development","level":"info","message":"OTA Server started","port":5000,"service":"ota-server","timestamp":"2026-01-15 17:03:44"}
{"level":"info","message":"User logged in","service":"ota-server","timestamp":"2026-01-15 17:08:55","userId":"513e2b83-043a-4f21-b0fc-ca25412f1eed"}
{"level":"info","mac":"DE81284280EB","message":"Client subscribed to device logs","service":"ota-server","timestamp":"2026-01-15 17:18:13"}
{"intervalMs":60000,"level":"info","message":"Starting rollback protection watchdog","service":"ota-server","timestamp":"2026-01-15 17:59:47"}
{"level":"info","mac":"DE81284280EB","message":"Client subscribed to remote console","service":"ota-server","timestamp":"2026-01-15 18:12:58"}
{"level":"info","message":"User logged in","service":"ota-server","timestamp":"2026-01-15 18:16:33","userId":"513e2b83-043a-4f21-b0fc-ca25412f1eed"}
{"currentVersion":"v0.0.0","event":"ota_check","level":"info","mac":"3C8A1F3B3C44","message":"OTA Check","service":"ota-server","targetVersion":null,"timestamp":"2026-01-15 18:17:42","updateAvailable":false}
{"checksum":"df61830735174724...","event":"firmware_upload","filename":"default_v1.0.1.ino.bin","level":"info","message":"Firmware uploaded","service":"ota-server","size":1206624,"timestamp":"2026-01-15 18:18:58","version":"v1.0.1"}
{"filename":"default_v1.0.1.ino.bin","level":"info","message":"Firmware uploaded","service":"ota-server","size":1206624,"timestamp":"2026-01-15 18:18:58","version":"v1.0.1"}
{"intervalMs":60000,"level":"info","message":"Starting rollback protection watchdog","service":"ota-server","timestamp":"2026-01-15 18:30:37"}
{"intervalMs":60000,"level":"info","message":"Starting rollback protection watchdog","service":"ota-server","timestamp":"2026-01-15 18:34:06"}
{"level":"info","message":"6:34:07 PM [express] serving on port 5000","service":"ota-server","timestamp":"2026-01-15 18:34:07"}
{"environment":"development","level":"info","message":"OTA Server started","port":5000,"service":"ota-server","timestamp":"2026-01-15 18:34:07"}
{"intervalMs":60000,"level":"info","message":"Starting rollback protection watchdog","service":"ota-server","timestamp":"2026-01-15 18:34:36"}
{"intervalMs":60000,"level":"info","message":"Starting rollback protection watchdog","service":"ota-server","timestamp":"2026-01-15 18:37:00"}
{"level":"info","message":"6:37:01 PM [express] serving on port 5000","service":"ota-server","timestamp":"2026-01-15 18:37:01"}
{"environment":"development","level":"info","message":"OTA Server started","port":5000,"service":"ota-server","timestamp":"2026-01-15 18:37:01"}
{"intervalMs":60000,"level":"info","message":"Starting rollback protection watchdog","service":"ota-server","timestamp":"2026-01-15 18:46:19"}
{"level":"info","message":"6:46:20 PM [express] serving on port 5000","service":"ota-server","timestamp":"2026-01-15 18:46:20"}
{"environment":"development","level":"info","message":"OTA Server started","port":5000,"service":"ota-server","timestamp":"2026-01-15 18:46:20"}
{"intervalMs":60000,"level":"info","message":"Starting rollback protection watchdog","service":"ota-server","timestamp":"2026-01-15 18:49:38"}
{"level":"info","message":"6:49:39 PM [express] serving on port 5000","service":"ota-server","timestamp":"2026-01-15 18:49:39"}
{"environment":"development","level":"info","message":"OTA Server started","port":5000,"service":"ota-server","timestamp":"2026-01-15 18:49:39"}
{"intervalMs":60000,"level":"info","message":"Starting rollback protection watchdog","service":"ota-server","timestamp":"2026-01-16 11:04:59"}
{"level":"info","message":"11:05:03 AM [express] serving on port 5000","service":"ota-server","timestamp":"2026-01-16 11:05:03"}
{"environment":"development","level":"info","message":"OTA Server started","port":5000,"service":"ota-server","timestamp":"2026-01-16 11:05:03"}
{"level":"info","message":"User logged in","service":"ota-server","timestamp":"2026-01-16 12:54:01","userId":"513e2b83-043a-4f21-b0fc-ca25412f1eed"}
{"intervalMs":60000,"level":"info","message":"Starting rollback protection watchdog","service":"ota-server","timestamp":"2026-01-20 12:52:58"}
{"level":"info","message":"12:53:02 PM [express] serving on port 5000","service":"ota-server","timestamp":"2026-01-20 12:53:02"}
{"environment":"development","level":"info","message":"OTA Server started","port":5000,"service":"ota-server","timestamp":"2026-01-20 12:53:02"}
{"intervalMs":60000,"level":"info","message":"Starting rollback protection watchdog","service":"ota-server","timestamp":"2026-01-20 13:05:53"}
{"level":"info","message":"1:05:56 PM [express] serving on port 5000","service":"ota-server","timestamp":"2026-01-20 13:05:56"}
{"environment":"development","level":"info","message":"OTA Server started","port":5000,"service":"ota-server","timestamp":"2026-01-20 13:05:56"}
{"currentVersion":"v0.0.0","event":"ota_check","level":"info","mac":"3C8A1F3B3C44","message":"OTA Check","service":"ota-server","targetVersion":null,"timestamp":"2026-01-20 13:21:55","updateAvailable":false}
{"deviceId":"d0d82249-eb8c-11f0-8b0a-0a930a0bad3f","level":"info","macAddress":"3C8A1F3B3C44","message":"Starting update for device 3C8A1F3B3C44 to version v1.0.1","service":"update-queue","timestamp":"2026-01-20 13:22:16","version":"v1.0.1"}
{"deviceId":"d0d82249-eb8c-11f0-8b0a-0a930a0bad3f","level":"info","macAddress":"3C8A1F3B3C44","message":"Successfully queued update for device 3C8A1F3B3C44","service":"update-queue","timestamp":"2026-01-20 13:22:16","version":"v1.0.1"}
{"deviceCount":1,"deviceIds":["3C8A1F3B3C44"],"event":"deploy","level":"info","message":"Deployment scheduled","scheduledBy":"admin","service":"ota-server","timestamp":"2026-01-20 13:22:16","version":"v1.0.1"}
{"deviceCount":1,"level":"info","message":"Deployment initiated","queueStatus":{"activeUpdates":[],"pending":0,"size":0},"service":"ota-server","timestamp":"2026-01-20 13:22:16","version":"v1.0.1"}
{"currentVersion":"v0.0.0","event":"ota_check","level":"info","mac":"3C8A1F3B3C44","message":"OTA Check","service":"ota-server","targetVersion":"v1.0.1","timestamp":"2026-01-20 13:22:34","updateAvailable":true}
{"currentVersion":"v0.0.0","event":"ota_check","level":"info","mac":"3C8A1F3B3C44","message":"OTA Check","service":"ota-server","targetVersion":"v1.0.1","timestamp":"2026-01-20 13:22:34","updateAvailable":true}
{"filename":"default_v1.0.1.ino.bin","firmwareId":8,"level":"info","message":"Firmware download","service":"ota-server","timestamp":"2026-01-20 13:22:34","version":"v1.0.1"}
{"currentVersion":"v1.0.1","event":"ota_check","level":"info","mac":"3C8A1F3B3C44","message":"OTA Check","service":"ota-server","targetVersion":"v1.0.1","timestamp":"2026-01-20 13:23:03","updateAvailable":false}
{"intervalMs":60000,"level":"info","message":"Starting rollback protection watchdog","service":"ota-server","timestamp":"2026-01-20 13:29:31"}
{"level":"info","message":"1:29:33 PM [express] serving on port 5000","service":"ota-server","timestamp":"2026-01-20 13:29:33"}
{"environment":"development","level":"info","message":"OTA Server started","port":5000,"service":"ota-server","timestamp":"2026-01-20 13:29:33"}
{"deviceId":"0c61767f-e7b6-4f36-a4cb-e9a9303fa792","level":"info","macAddress":"DE81284280EB","message":"Starting update for device DE81284280EB to version v1.0.1","service":"update-queue","timestamp":"2026-01-20 13:32:45","version":"v1.0.1"}
{"deviceId":"0c61767f-e7b6-4f36-a4cb-e9a9303fa792","level":"info","macAddress":"DE81284280EB","message":"Successfully queued update for device DE81284280EB","service":"update-queue","timestamp":"2026-01-20 13:32:45","version":"v1.0.1"}
{"deviceCount":1,"deviceIds":["DE81284280EB"],"event":"deploy","level":"info","message":"Deployment scheduled","scheduledBy":"admin","service":"ota-server","timestamp":"2026-01-20 13:32:45","version":"v1.0.1"}
{"deviceCount":1,"level":"info","message":"Deployment initiated","queueStatus":{"activeUpdates":[],"pending":0,"size":0},"service":"ota-server","timestamp":"2026-01-20 13:32:45","version":"v1.0.1"}
{"intervalMs":60000,"level":"info","message":"Starting rollback protection watchdog","service":"ota-server","timestamp":"2026-01-20 14:39:13"}
{"level":"info","message":"2:39:14 PM [express] serving on port 5000","service":"ota-server","timestamp":"2026-01-20 14:39:14"}
{"environment":"development","level":"info","message":"OTA Server started","port":5000,"service":"ota-server","timestamp":"2026-01-20 14:39:14"}
{"currentVersion":"v0.0.0","event":"ota_check","level":"info","mac":"DE81284280EB","message":"OTA Check","service":"ota-server","targetVersion":"v1.0.1","timestamp":"2026-01-20 14:40:06","updateAvailable":true}
{"currentVersion":"v0.0.0","event":"ota_check","level":"info","mac":"DE81284280EB","message":"OTA Check","service":"ota-server","targetVersion":"v1.0.1","timestamp":"2026-01-20 14:40:06","updateAvailable":true}
{"filename":"default_v1.0.1.ino.bin","firmwareId":8,"level":"info","message":"Firmware download","service":"ota-server","timestamp":"2026-01-20 14:40:06","version":"v1.0.1"}
{"currentVersion":"v1.0.1","event":"ota_check","level":"info","mac":"DE81284280EB","message":"OTA Check","service":"ota-server","targetVersion":"v1.0.1","timestamp":"2026-01-20 14:40:19","updateAvailable":false}
{"event":"rollback","fromVersion":"v1.0.1","level":"info","mac":"DE81284280EB","message":"Rollback scheduled","service":"ota-server","timestamp":"2026-01-20 14:40:58","toVersion":"v0.0.0"}
{"from":"v1.0.1","level":"info","macAddress":"DE81284280EB","message":"Rollback scheduled","service":"ota-server","timestamp":"2026-01-20 14:40:58","to":"v0.0.0"}
{"deviceId":"DE81284280EB","level":"error","message":"Target firmware not found","service":"ota-server","targetVersion":"v0.0.0","timestamp":"2026-01-20 14:41:07"}
{"deviceId":"DE81284280EB","level":"error","message":"Target firmware not found","service":"ota-server","targetVersion":"v0.0.0","timestamp":"2026-01-20 14:41:14"}
{"intervalMs":60000,"level":"info","message":"Starting rollback protection watchdog","service":"ota-server","timestamp":"2026-01-20 14:56:59"}
{"level":"info","message":"2:57:01 PM [express] serving on port 5000","service":"ota-server","timestamp":"2026-01-20 14:57:01"}
{"environment":"development","level":"info","message":"OTA Server started","port":5000,"service":"ota-server","timestamp":"2026-01-20 14:57:01"}
{"event":"rollback","fromVersion":"v1.0.1","level":"info","mac":"DE81284280EB","message":"Rollback scheduled","service":"ota-server","timestamp":"2026-01-20 14:57:12","toVersion":"v0.0.0"}
{"from":"v1.0.1","level":"info","macAddress":"DE81284280EB","message":"Rollback scheduled","service":"ota-server","timestamp":"2026-01-20 14:57:12","to":"v0.0.0"}
{"intervalMs":60000,"level":"info","message":"Starting rollback protection watchdog","service":"ota-server","timestamp":"2026-01-20 15:00:44"}
{"level":"info","message":"3:00:45 PM [express] serving on port 5000","service":"ota-server","timestamp":"2026-01-20 15:00:45"}
{"environment":"development","level":"info","message":"OTA Server started","port":5000,"service":"ota-server","timestamp":"2026-01-20 15:00:45"}
{"intervalMs":60000,"level":"info","message":"Starting rollback protection watchdog","service":"ota-server","timestamp":"2026-01-20 15:06:49"}
{"level":"info","message":"3:06:52 PM [express] serving on port 5000","service":"ota-server","timestamp":"2026-01-20 15:06:52"}
{"environment":"development","level":"info","message":"OTA Server started","port":5000,"service":"ota-server","timestamp":"2026-01-20 15:06:52"}
{"deviceCount":1,"deviceIds":["DE81284280EB"],"event":"ota_reset","level":"info","message":"OTA state reset","service":"ota-server","timestamp":"2026-01-20 15:07:04"}
{"deviceCount":1,"level":"info","message":"OTA state reset","service":"ota-server","timestamp":"2026-01-20 15:07:04"}
{"deviceCount":1,"deviceIds":["3C8A1F3B3C44"],"event":"ota_reset","level":"info","message":"OTA state reset","service":"ota-server","timestamp":"2026-01-20 15:07:13"}
{"deviceCount":1,"level":"info","message":"OTA state reset","service":"ota-server","timestamp":"2026-01-20 15:07:13"}
{"currentVersion":"v1.0.1","event":"ota_check","level":"info","mac":"DE81284280EB","message":"OTA Check","service":"ota-server","targetVersion":null,"timestamp":"2026-01-20 15:08:21","updateAvailable":false}
{"deviceCount":1,"deviceIds":["DE81284280EB"],"event":"ota_reset","level":"info","message":"OTA state reset","service":"ota-server","timestamp":"2026-01-20 15:08:35"}
{"deviceCount":1,"level":"info","message":"OTA state reset","service":"ota-server","timestamp":"2026-01-20 15:08:35"}
{"checksum":"df61830735174724...","event":"firmware_upload","filename":"default_v0.0.0.ino.bin","level":"info","message":"Firmware uploaded","service":"ota-server","size":1206624,"timestamp":"2026-01-20 15:09:09","version":"v0.0.0"}
{"filename":"default_v0.0.0.ino.bin","level":"info","message":"Firmware uploaded","service":"ota-server","size":1206624,"timestamp":"2026-01-20 15:09:09","version":"v0.0.0"}
{"event":"rollback","fromVersion":"v1.0.1","level":"info","mac":"DE81284280EB","message":"Rollback scheduled","service":"ota-server","timestamp":"2026-01-20 15:09:17","toVersion":"v0.0.0"}
{"from":"v1.0.1","level":"info","macAddress":"DE81284280EB","message":"Rollback scheduled","service":"ota-server","timestamp":"2026-01-20 15:09:17","to":"v0.0.0"}
{"currentVersion":"v1.0.1","event":"ota_check","level":"info","mac":"DE81284280EB","message":"OTA Check","service":"ota-server","targetVersion":"v0.0.0","timestamp":"2026-01-20 15:09:30","updateAvailable":true}
{"currentVersion":"v1.0.1","event":"ota_check","level":"info","mac":"DE81284280EB","message":"OTA Check","service":"ota-server","targetVersion":"v0.0.0","timestamp":"2026-01-20 15:09:30","updateAvailable":true}
{"filename":"default_v0.0.0.ino.bin","firmwareId":9,"level":"info","message":"Firmware download","service":"ota-server","timestamp":"2026-01-20 15:09:30","version":"v0.0.0"}
{"currentVersion":"v0.0.0","event":"ota_check","level":"info","mac":"DE81284280EB","message":"OTA Check","service":"ota-server","targetVersion":"v0.0.0","timestamp":"2026-01-20 15:10:00","updateAvailable":false}
{"event":"rollback","fromVersion":"v1.0.1","level":"info","mac":"3C8A1F3B3C44","message":"Rollback scheduled","service":"ota-server","timestamp":"2026-01-20 15:10:12","toVersion":"v0.0.0"}
{"from":"v1.0.1","level":"info","macAddress":"3C8A1F3B3C44","message":"Rollback scheduled","service":"ota-server","timestamp":"2026-01-20 15:10:12","to":"v0.0.0"}
{"currentVersion":"v0.0.0","event":"ota_check","level":"info","mac":"3C8A1F3B3C44","message":"OTA Check","service":"ota-server","targetVersion":"v0.0.0","timestamp":"2026-01-20 15:10:26","updateAvailable":false}
{"deviceId":"0c61767f-e7b6-4f36-a4cb-e9a9303fa792","level":"info","macAddress":"DE81284280EB","message":"Starting update for device DE81284280EB to version v1.0.1","service":"update-queue","timestamp":"2026-01-20 15:11:04","version":"v1.0.1"}
{"deviceId":"0c61767f-e7b6-4f36-a4cb-e9a9303fa792","level":"info","macAddress":"DE81284280EB","message":"Successfully queued update for device DE81284280EB","service":"update-queue","timestamp":"2026-01-20 15:11:04","version":"v1.0.1"}
{"deviceId":"d0d82249-eb8c-11f0-8b0a-0a930a0bad3f","level":"info","macAddress":"3C8A1F3B3C44","message":"Starting update for device 3C8A1F3B3C44 to version v1.0.1","service":"update-queue","timestamp":"2026-01-20 15:11:04","version":"v1.0.1"}
{"deviceId":"d0d82249-eb8c-11f0-8b0a-0a930a0bad3f","level":"info","macAddress":"3C8A1F3B3C44","message":"Successfully queued update for device 3C8A1F3B3C44","service":"update-queue","timestamp":"2026-01-20 15:11:05","version":"v1.0.1"}
{"deviceCount":2,"deviceIds":["DE81284280EB","3C8A1F3B3C44"],"event":"deploy","level":"info","message":"Deployment scheduled","scheduledBy":"admin","service":"ota-server","timestamp":"2026-01-20 15:11:05","version":"v1.0.1"}
{"deviceCount":2,"level":"info","message":"Deployment initiated","queueStatus":{"activeUpdates":[],"pending":0,"size":0},"service":"ota-server","timestamp":"2026-01-20 15:11:05","version":"v1.0.1"}
{"currentVersion":"v0.0.0","event":"ota_check","level":"info","mac":"3C8A1F3B3C44","message":"OTA Check","service":"ota-server","targetVersion":"v1.0.1","timestamp":"2026-01-20 15:11:14","updateAvailable":true}
{"currentVersion":"v0.0.0","event":"ota_check","level":"info","mac":"3C8A1F3B3C44","message":"OTA Check","service":"ota-server","targetVersion":"v1.0.1","timestamp":"2026-01-20 15:11:14","updateAvailable":true}
{"filename":"default_v1.0.1.ino.bin","firmwareId":8,"level":"info","message":"Firmware download","service":"ota-server","timestamp":"2026-01-20 15:11:14","version":"v1.0.1"}
{"currentVersion":"v1.0.1","event":"ota_check","level":"info","mac":"DE81284280EB","message":"OTA Check","service":"ota-server","targetVersion":"v1.0.1","timestamp":"2026-01-20 15:11:59","updateAvailable":false}
{"currentVersion":"v0.0.0","event":"ota_check","level":"info","mac":"DE81284280EB","message":"OTA Check","service":"ota-server","targetVersion":"v1.0.1","timestamp":"2026-01-20 15:12:30","updateAvailable":true}
{"currentVersion":"v0.0.0","event":"ota_check","level":"info","mac":"DE81284280EB","message":"OTA Check","service":"ota-server","targetVersion":"v1.0.1","timestamp":"2026-01-20 15:12:30","updateAvailable":true}
{"filename":"default_v1.0.1.ino.bin","firmwareId":8,"level":"info","message":"Firmware download","service":"ota-server","timestamp":"2026-01-20 15:12:30","version":"v1.0.1"}
{"level":"warn","message":"Duplicate update attempt for DE81284280EB to version v1.0.1","service":"update-queue","timeSinceLastUpdate":112938,"timestamp":"2026-01-20 15:12:57"}
{"error":"Same version was recently deployed to this device","level":"error","macAddress":"DE81284280EB","message":"Failed to queue update","service":"ota-server","timestamp":"2026-01-20 15:12:57","version":"v1.0.1"}
{"deviceCount":1,"deviceIds":["DE81284280EB"],"event":"deploy","level":"info","message":"Deployment scheduled","scheduledBy":"admin","service":"ota-server","timestamp":"2026-01-20 15:12:57","version":"v1.0.1"}
{"deviceCount":1,"level":"info","message":"Deployment initiated","queueStatus":{"activeUpdates":[],"pending":0,"size":0},"service":"ota-server","timestamp":"2026-01-20 15:12:57","version":"v1.0.1"}
{"level":"warn","message":"Duplicate update attempt for DE81284280EB to version v1.0.1","service":"update-queue","timeSinceLastUpdate":135584,"timestamp":"2026-01-20 15:13:20"}
{"error":"Same version was recently deployed to this device","level":"error","macAddress":"DE81284280EB","message":"Failed to queue update","service":"ota-server","timestamp":"2026-01-20 15:13:20","version":"v1.0.1"}
{"deviceCount":1,"deviceIds":["DE81284280EB"],"event":"deploy","level":"info","message":"Deployment scheduled","scheduledBy":"admin","service":"ota-server","timestamp":"2026-01-20 15:13:20","version":"v1.0.1"}
{"deviceCount":1,"level":"info","message":"Deployment initiated","queueStatus":{"activeUpdates":[],"pending":0,"size":0},"service":"ota-server","timestamp":"2026-01-20 15:13:20","version":"v1.0.1"}
{"level":"warn","message":"Duplicate update attempt for DE81284280EB to version v1.0.1","service":"update-queue","timeSinceLastUpdate":154298,"timestamp":"2026-01-20 15:13:38"}
{"error":"Same version was recently deployed to this device","level":"error","macAddress":"DE81284280EB","message":"Failed to queue update","service":"ota-server","timestamp":"2026-01-20 15:13:38","version":"v1.0.1"}
{"deviceCount":1,"deviceIds":["DE81284280EB"],"event":"deploy","level":"info","message":"Deployment scheduled","scheduledBy":"admin","service":"ota-server","timestamp":"2026-01-20 15:13:38","version":"v1.0.1"}
{"deviceCount":1,"level":"info","message":"Deployment initiated","queueStatus":{"activeUpdates":[],"pending":0,"size":0},"service":"ota-server","timestamp":"2026-01-20 15:13:38","version":"v1.0.1"}
{"intervalMs":60000,"level":"info","message":"Starting rollback protection watchdog","service":"ota-server","timestamp":"2026-01-20 15:31:26"}
{"level":"info","message":"3:31:27 PM [express] serving on port 5000","service":"ota-server","timestamp":"2026-01-20 15:31:27"}
{"environment":"development","level":"info","message":"OTA Server started","port":5000,"service":"ota-server","timestamp":"2026-01-20 15:31:27"}
{"currentVersion":"v0.0.0","event":"ota_check","level":"info","mac":"DE81284280EB","message":"OTA Check","service":"ota-server","targetVersion":"v1.0.1","timestamp":"2026-01-20 15:32:22","updateAvailable":true}
{"currentVersion":"v0.0.0","event":"ota_check","level":"info","mac":"DE81284280EB","message":"OTA Check","service":"ota-server","targetVersion":"v1.0.1","timestamp":"2026-01-20 15:32:22","updateAvailable":true}
{"filename":"default_v1.0.1.ino.bin","firmwareId":8,"level":"info","message":"Firmware download","service":"ota-server","timestamp":"2026-01-20 15:32:22","version":"v1.0.1"}
{"currentVersion":"v1.0.1","event":"ota_check","level":"info","mac":"DE81284280EB","message":"OTA Check","service":"ota-server","targetVersion":"v1.0.1","timestamp":"2026-01-20 15:32:34","updateAvailable":false}
{"currentVersion":"v1.0.1","event":"ota_check","level":"info","mac":"DE81284280EB","message":"OTA Check","service":"ota-server","targetVersion":"v1.0.1","timestamp":"2026-01-20 15:32:41","updateAvailable":false}
{"currentVersion":"v0.0.0","event":"ota_check","level":"info","mac":"DE81284280EB","message":"OTA Check","service":"ota-server","targetVersion":"v1.0.1","timestamp":"2026-01-20 15:32:52","updateAvailable":true}
{"currentVersion":"v0.0.0","event":"ota_check","level":"info","mac":"DE81284280EB","message":"OTA Check","service":"ota-server","targetVersion":"v1.0.1","timestamp":"2026-01-20 15:32:52","updateAvailable":true}
{"filename":"default_v1.0.1.ino.bin","firmwareId":8,"level":"info","message":"Firmware download","service":"ota-server","timestamp":"2026-01-20 15:32:52","version":"v1.0.1"}
{"level":"info","macAddress":"DE81284280EB","message":"Device activity reset","previousStatus":"updating","service":"ota-server","timestamp":"2026-01-20 15:32:59"}
{"level":"info","macAddress":"3C8A1F3B3C44","message":"Device activity reset","previousStatus":"updating","service":"ota-server","timestamp":"2026-01-20 15:33:00"}
{"deviceId":"0c61767f-e7b6-4f36-a4cb-e9a9303fa792","level":"info","macAddress":"DE81284280EB","message":"Starting update for device DE81284280EB to version v1.0.1","service":"update-queue","timestamp":"2026-01-20 15:33:13","version":"v1.0.1"}
{"deviceId":"0c61767f-e7b6-4f36-a4cb-e9a9303fa792","level":"info","macAddress":"DE81284280EB","message":"Successfully queued update for device DE81284280EB","service":"update-queue","timestamp":"2026-01-20 15:33:13","version":"v1.0.1"}
{"deviceCount":1,"deviceIds":["DE81284280EB"],"event":"deploy","level":"info","message":"Deployment scheduled","scheduledBy":"admin","service":"ota-server","timestamp":"2026-01-20 15:33:13","version":"v1.0.1"}
{"deviceCount":1,"level":"info","message":"Deployment initiated","queueStatus":{"activeUpdates":[],"pending":0,"size":0},"service":"ota-server","timestamp":"2026-01-20 15:33:13","version":"v1.0.1"}
{"currentVersion":"v0.0.0","event":"ota_check","level":"info","mac":"DE81284280EB","message":"OTA Check","service":"ota-server","targetVersion":"v1.0.1","timestamp":"2026-01-20 15:33:20","updateAvailable":true}
{"currentVersion":"v0.0.0","event":"ota_check","level":"info","mac":"DE81284280EB","message":"OTA Check","service":"ota-server","targetVersion":"v1.0.1","timestamp":"2026-01-20 15:33:20","updateAvailable":true}
{"filename":"default_v1.0.1.ino.bin","firmwareId":8,"level":"info","message":"Firmware download","service":"ota-server","timestamp":"2026-01-20 15:33:20","version":"v1.0.1"}
{"currentVersion":"v0.0.0","event":"ota_check","level":"info","mac":"DE81284280EB","message":"OTA Check","service":"ota-server","targetVersion":"v1.0.1","timestamp":"2026-01-20 15:33:26","updateAvailable":true}
{"currentVersion":"v0.0.0","event":"ota_check","level":"info","mac":"DE81284280EB","message":"OTA Check","service":"ota-server","targetVersion":"v1.0.1","timestamp":"2026-01-20 15:33:26","updateAvailable":true}
{"filename":"default_v1.0.1.ino.bin","firmwareId":8,"level":"info","message":"Firmware download","service":"ota-server","timestamp":"2026-01-20 15:33:26","version":"v1.0.1"}
{"currentVersion":"v1.0.1","event":"ota_check","level":"info","mac":"DE81284280EB","message":"OTA Check","service":"ota-server","targetVersion":"v1.0.1","timestamp":"2026-01-20 15:33:36","updateAvailable":false}
{"currentVersion":"v1.0.1","event":"ota_check","level":"info","mac":"DE81284280EB","message":"OTA Check","service":"ota-server","targetVersion":"v1.0.1","timestamp":"2026-01-20 15:33:44","updateAvailable":false}
{"currentVersion":"v0.0.0","event":"ota_check","level":"info","mac":"DE81284280EB","message":"OTA Check","service":"ota-server","targetVersion":"v1.0.1","timestamp":"2026-01-20 15:33:56","updateAvailable":true}
{"currentVersion":"v0.0.0","event":"ota_check","level":"info","mac":"DE81284280EB","message":"OTA Check","service":"ota-server","targetVersion":"v1.0.1","timestamp":"2026-01-20 15:33:56","updateAvailable":true}
{"filename":"default_v1.0.1.ino.bin","firmwareId":8,"level":"info","message":"Firmware download","service":"ota-server","timestamp":"2026-01-20 15:33:56","version":"v1.0.1"}
{"level":"info","macAddress":"DE81284280EB","message":"Device activity reset","previousStatus":"updating","service":"ota-server","timestamp":"2026-01-20 15:34:08"}
{"level":"info","macAddress":"3C8A1F3B3C44","message":"Device activity reset","previousStatus":"idle","service":"ota-server","timestamp":"2026-01-20 15:34:08"}
{"level":"warn","message":"Duplicate update attempt for DE81284280EB to version v1.0.1","service":"update-queue","timeSinceLastUpdate":128520,"timestamp":"2026-01-20 15:35:22"}
{"error":"Same version was recently deployed to this device","level":"error","macAddress":"DE81284280EB","message":"Failed to queue update","service":"ota-server","timestamp":"2026-01-20 15:35:22","version":"v1.0.1"}
{"deviceCount":1,"deviceIds":["DE81284280EB"],"event":"deploy","level":"info","message":"Deployment scheduled","scheduledBy":"admin","service":"ota-server","timestamp":"2026-01-20 15:35:22","version":"v1.0.1"}
{"deviceCount":1,"level":"info","message":"Deployment initiated","queueStatus":{"activeUpdates":[],"pending":0,"size":0},"service":"ota-server","timestamp":"2026-01-20 15:35:22","version":"v1.0.1"}
{"level":"warn","message":"Duplicate update attempt for DE81284280EB to version v1.0.1","service":"update-queue","timeSinceLastUpdate":170444,"timestamp":"2026-01-20 15:36:04"}
{"error":"Same version was recently deployed to this device","level":"error","macAddress":"DE81284280EB","message":"Failed to queue update","service":"ota-server","timestamp":"2026-01-20 15:36:04","version":"v1.0.1"}
{"deviceCount":1,"deviceIds":["DE81284280EB"],"event":"deploy","level":"info","message":"Deployment scheduled","scheduledBy":"admin","service":"ota-server","timestamp":"2026-01-20 15:36:04","version":"v1.0.1"}
{"deviceCount":1,"level":"info","message":"Deployment initiated","queueStatus":{"activeUpdates":[],"pending":0,"size":0},"service":"ota-server","timestamp":"2026-01-20 15:36:04","version":"v1.0.1"}
{"level":"warn","message":"Duplicate update attempt for DE81284280EB to version v1.0.1","service":"update-queue","timeSinceLastUpdate":246888,"timestamp":"2026-01-20 15:37:20"}
{"error":"Same version was recently deployed to this device","level":"error","macAddress":"DE81284280EB","message":"Failed to queue update","service":"ota-server","timestamp":"2026-01-20 15:37:20","version":"v1.0.1"}
{"deviceCount":1,"deviceIds":["DE81284280EB"],"event":"deploy","level":"info","message":"Deployment scheduled","scheduledBy":"admin","service":"ota-server","timestamp":"2026-01-20 15:37:20","version":"v1.0.1"}
{"deviceCount":1,"level":"info","message":"Deployment initiated","queueStatus":{"activeUpdates":[],"pending":0,"size":0},"service":"ota-server","timestamp":"2026-01-20 15:37:20","version":"v1.0.1"}
{"level":"info","macAddress":"3C8A1F3B3C44","message":"Device activity reset","previousStatus":"idle","service":"ota-server","timestamp":"2026-01-20 15:43:29"}
{"level":"info","macAddress":"DE81284280EB","message":"Device activity reset","previousStatus":"idle","service":"ota-server","timestamp":"2026-01-20 15:43:29"}
{"deviceId":"0c61767f-e7b6-4f36-a4cb-e9a9303fa792","level":"info","macAddress":"DE81284280EB","message":"Starting update for device DE81284280EB to version v1.0.1","service":"update-queue","timestamp":"2026-01-20 15:43:42","version":"v1.0.1"}
{"deviceId":"0c61767f-e7b6-4f36-a4cb-e9a9303fa792","level":"info","macAddress":"DE81284280EB","message":"Successfully queued update for device DE81284280EB","service":"update-queue","timestamp":"2026-01-20 15:43:43","version":"v1.0.1"}
{"deviceCount":1,"deviceIds":["DE81284280EB"],"event":"deploy","level":"info","message":"Deployment scheduled","scheduledBy":"admin","service":"ota-server","timestamp":"2026-01-20 15:43:43","version":"v1.0.1"}
{"deviceCount":1,"level":"info","message":"Deployment initiated","queueStatus":{"activeUpdates":[],"pending":0,"size":0},"service":"ota-server","timestamp":"2026-01-20 15:43:43","version":"v1.0.1"}
{"currentVersion":"v0.0.0","event":"ota_check","level":"info","mac":"DE81284280EB","message":"OTA Check","service":"ota-server","targetVersion":"v1.0.1","timestamp":"2026-01-20 15:43:53","updateAvailable":true}
{"currentVersion":"v0.0.0","event":"ota_check","level":"info","mac":"DE81284280EB","message":"OTA Check","service":"ota-server","targetVersion":"v1.0.1","timestamp":"2026-01-20 15:43:53","updateAvailable":true}
{"filename":"default_v1.0.1.ino.bin","firmwareId":8,"level":"info","message":"Firmware download","service":"ota-server","timestamp":"2026-01-20 15:43:53","version":"v1.0.1"}
{"currentVersion":"v1.0.1","event":"ota_check","level":"info","mac":"DE81284280EB","message":"OTA Check","service":"ota-server","targetVersion":"v1.0.1","timestamp":"2026-01-20 15:44:06","updateAvailable":false}
{"changedRegions":0,"level":"info","message":"Firmware diff comparison","service":"ota-server","sizeDiff":0,"timestamp":"2026-01-20 15:56:55","versionA":"v0.0.0","versionB":"v1.0.1"}
{"intervalMs":60000,"level":"info","message":"Starting rollback protection watchdog","service":"ota-server","timestamp":"2026-01-20 16:02:05"}
{"level":"info","message":"4:02:07 PM [express] serving on port 5000","service":"ota-server","timestamp":"2026-01-20 16:02:07"}
{"environment":"development","level":"info","message":"OTA Server started","port":5000,"service":"ota-server","timestamp":"2026-01-20 16:02:07"}
{"intervalMs":60000,"level":"info","message":"Starting rollback protection watchdog","service":"ota-server","timestamp":"2026-01-20 16:03:23"}
{"intervalMs":60000,"level":"info","message":"Starting rollback protection watchdog","service":"ota-server","timestamp":"2026-01-20 16:06:22"}
{"level":"info","message":"4:06:23 PM [express] serving on port 5000","service":"ota-server","timestamp":"2026-01-20 16:06:23"}
{"environment":"development","level":"info","message":"OTA Server started","port":5000,"service":"ota-server","timestamp":"2026-01-20 16:06:23"}
{"intervalMs":60000,"level":"info","message":"Starting rollback protection watchdog","service":"ota-server","timestamp":"2026-01-20 16:11:39"}
{"level":"info","message":"4:11:41 PM [express] serving on port 5000","service":"ota-server","timestamp":"2026-01-20 16:11:41"}
{"environment":"development","level":"info","message":"OTA Server started","port":5000,"service":"ota-server","timestamp":"2026-01-20 16:11:41"}
{"ip":"127.0.0.1","level":"warn","message":"Failed login attempt","service":"ota-server","timestamp":"2026-01-20 16:22:38"}
{"ip":"127.0.0.1","level":"warn","message":"Failed login attempt","service":"ota-server","timestamp":"2026-01-20 16:35:51"}
{"ip":"127.0.0.1","level":"warn","message":"Failed login attempt","service":"ota-server","timestamp":"2026-01-20 16:36:50"}
{"ip":"127.0.0.1","level":"warn","message":"Failed login attempt","service":"ota-server","timestamp":"2026-01-20 16:37:00"}
{"level":"info","message":"New user registered with PIN","service":"ota-server","timestamp":"2026-01-20 16:37:02","userId":"369faea6-5097-449d-b774-a9421fd3a40f"}
{"level":"info","message":"User logged in","service":"ota-server","timestamp":"2026-01-20 16:37:17","userId":"369faea6-5097-449d-b774-a9421fd3a40f"}
{"level":"info","message":"User logged in","service":"ota-server","timestamp":"2026-01-20 16:38:40","userId":"369faea6-5097-449d-b774-a9421fd3a40f"}
{"event":"rollback","fromVersion":"v1.0.1","level":"info","mac":"DE81284280EB","message":"Rollback scheduled","service":"ota-server","timestamp":"2026-01-20 16:39:20","toVersion":"v0.0.0"}
{"from":"v1.0.1","level":"info","macAddress":"DE81284280EB","message":"Rollback scheduled","service":"ota-server","timestamp":"2026-01-20 16:39:20","to":"v0.0.0"}
{"currentVersion":"v1.0.1","event":"ota_check","level":"info","mac":"DE81284280EB","message":"OTA Check","service":"ota-server","targetVersion":"v0.0.0","timestamp":"2026-01-20 16:39:45","updateAvailable":true}
{"currentVersion":"v1.0.1","event":"ota_check","level":"info","mac":"DE81284280EB","message":"OTA Check","service":"ota-server","targetVersion":"v0.0.0","timestamp":"2026-01-20 16:39:45","updateAvailable":true}
{"filename":"default_v0.0.0.ino.bin","firmwareId":9,"level":"info","message":"Firmware download","service":"ota-server","timestamp":"2026-01-20 16:39:45","version":"v0.0.0"}
{"currentVersion":"v0.0.0","event":"ota_check","level":"info","mac":"DE81284280EB","message":"OTA Check","service":"ota-server","targetVersion":"v0.0.0","timestamp":"2026-01-20 16:39:57","updateAvailable":false}
{"level":"info","macAddress":"DE81284280EB","message":"Device activity reset","previousStatus":"updated","service":"ota-server","timestamp":"2026-01-20 16:40:06"}
{"level":"info","macAddress":"3C8A1F3B3C44","message":"Device activity reset","previousStatus":"idle","service":"ota-server","timestamp":"2026-01-20 16:40:06"}
{"currentVersion":"v0.0.0","event":"ota_check","level":"info","mac":"DE81284280EB","message":"OTA Check","service":"ota-server","targetVersion":null,"timestamp":"2026-01-20 16:42:45","updateAvailable":false}
{"intervalMs":60000,"level":"info","message":"Starting rollback protection watchdog","service":"ota-server","timestamp":"2026-01-20 17:51:08"}
{"level":"info","message":"5:51:09 PM [express] serving on port 5000","service":"ota-server","timestamp":"2026-01-20 17:51:09"}
{"environment":"development","level":"info","message":"OTA Server started","port":5000,"service":"ota-server","timestamp":"2026-01-20 17:51:09"}
{"level":"info","macAddress":"DE81284280EB","message":"Device activity reset","previousStatus":"updated","service":"ota-server","timestamp":"2026-01-20 17:51:32"}
{"level":"info","mac":"DE81284280EB","message":"Client subscribed to remote console","service":"ota-server","timestamp":"2026-01-20 17:52:52"}
{"level":"info","mac":"3C8A1F3B3C44","message":"Client subscribed to remote console","service":"ota-server","timestamp":"2026-01-20 17:53:06"}
{"level":"info","mac":"DE81284280EB","message":"Client subscribed to remote console","service":"ota-server","timestamp":"2026-01-20 17:53:10"}
{"intervalMs":60000,"level":"info","message":"Starting rollback protection watchdog","service":"ota-server","timestamp":"2026-01-20 18:18:35"}
{"level":"info","message":"6:18:39 PM [express] serving on port 5000","service":"ota-server","timestamp":"2026-01-20 18:18:39"}
{"environment":"development","level":"info","message":"OTA Server started","port":5000,"service":"ota-server","timestamp":"2026-01-20 18:18:39"}
{"intervalMs":60000,"level":"info","message":"Starting rollback protection watchdog","service":"ota-server","timestamp":"2026-01-23 15:44:49"}
{"level":"info","message":"3:44:52 PM [express] serving on port 5000","service":"ota-server","timestamp":"2026-01-23 15:44:52"}
{"environment":"development","level":"info","message":"OTA Server started","port":5000,"service":"ota-server","timestamp":"2026-01-23 15:44:52"}
{"ip":"127.0.0.1","level":"warn","message":"Failed login attempt","service":"ota-server","timestamp":"2026-01-23 15:45:43"}
{"level":"info","message":"User logged in","service":"ota-server","timestamp":"2026-01-23 15:45:49","userId":"369faea6-5097-449d-b774-a9421fd3a40f"}
{"intervalMs":60000,"level":"info","message":"Starting rollback protection watchdog","service":"ota-server","timestamp":"2026-01-23 16:00:29"}
{"level":"info","message":"4:00:30 PM [express] serving on port 5000","service":"ota-server","timestamp":"2026-01-23 16:00:30"}
{"environment":"development","level":"info","message":"OTA Server started","port":5000,"service":"ota-server","timestamp":"2026-01-23 16:00:30"}
{"intervalMs":60000,"level":"info","message":"Starting rollback protection watchdog","service":"ota-server","timestamp":"2026-01-23 16:13:44"}
{"level":"info","message":"4:13:46 PM [express] serving on port 5000","service":"ota-server","timestamp":"2026-01-23 16:13:46"}
{"environment":"development","level":"info","message":"OTA Server started","port":5000,"service":"ota-server","timestamp":"2026-01-23 16:13:46"}
{"intervalMs":60000,"level":"info","message":"Starting rollback protection watchdog","service":"ota-server","timestamp":"2026-01-23 16:16:57"}
{"level":"info","message":"4:16:58 PM [express] serving on port 5000","service":"ota-server","timestamp":"2026-01-23 16:16:58"}
{"environment":"development","level":"info","message":"OTA Server started","port":5000,"service":"ota-server","timestamp":"2026-01-23 16:16:58"}
{"intervalMs":60000,"level":"info","message":"Starting rollback protection watchdog","service":"ota-server","timestamp":"2026-01-23 16:19:10"}
{"level":"info","message":"4:19:11 PM [express] serving on port 5000","service":"ota-server","timestamp":"2026-01-23 16:19:11"}
{"environment":"development","level":"info","message":"OTA Server started","port":5000,"service":"ota-server","timestamp":"2026-01-23 16:19:11"}
{"intervalMs":60000,"level":"info","message":"Starting rollback protection watchdog","service":"ota-server","timestamp":"2026-01-23 17:11:47"}
{"level":"info","message":"5:11:48 PM [express] serving on port 5000","service":"ota-server","timestamp":"2026-01-23 17:11:48"}
{"environment":"development","level":"info","message":"OTA Server started","port":5000,"service":"ota-server","timestamp":"2026-01-23 17:11:48"}
{"intervalMs":60000,"level":"info","message":"Starting rollback protection watchdog","service":"ota-server","timestamp":"2026-01-23 17:14:37"}
{"level":"info","message":"5:14:38 PM [express] serving on port 5000","service":"ota-server","timestamp":"2026-01-23 17:14:38"}
{"environment":"development","level":"info","message":"OTA Server started","port":5000,"service":"ota-server","timestamp":"2026-01-23 17:14:38"}
{"intervalMs":60000,"level":"info","message":"Starting rollback protection watchdog","service":"ota-server","timestamp":"2026-01-23 18:13:51"}
{"level":"info","message":"6:13:53 PM [express] serving on port 5000","service":"ota-server","timestamp":"2026-01-23 18:13:53"}
{"environment":"development","level":"info","message":"OTA Server started","port":5000,"service":"ota-server","timestamp":"2026-01-23 18:13:53"}
{"details":{"body":{},"query":{},"stack":"SyntaxError: Expected property name or '}' in JSON at position 1\n    at JSON.parse (<anonymous>)\n    at parse (D:\\project\\ota\\node_modules\\body-parser\\lib\\types\\json.js:92:19)\n    at D:\\project\\ota\\node_modules\\body-parser\\lib\\read.js:128:18\n    at AsyncResource.runInAsyncScope (node:async_hooks:206:9)\n    at invokeCallback (D:\\project\\ota\\node_modules\\raw-body\\index.js:238:16)\n    at done (D:\\project\\ota\\node_modules\\raw-body\\index.js:227:7)\n    at IncomingMessage.onEnd (D:\\project\\ota\\node_modules\\raw-body\\index.js:287:7)\n    at IncomingMessage.emit (node:events:519:28)\n    at endReadableNT (node:internal/streams/readable:1696:12)\n    at process.processTicksAndRejections (node:internal/process/task_queues:82:21)","status":400},"endpoint":"/api/auth/register","error":"Expected property name or '}' in JSON at position 1","event":"api_error","level":"error","message":"API error","method":"POST","service":"ota-server","timestamp":"2026-01-23 18:20:35"}
{"details":{"body":{},"query":{},"stack":"SyntaxError: Expected property name or '}' in JSON at position 1\n    at JSON.parse (<anonymous>)\n    at parse (D:\\project\\ota\\node_modules\\body-parser\\lib\\types\\json.js:92:19)\n    at D:\\project\\ota\\node_modules\\body-parser\\lib\\read.js:128:18\n    at AsyncResource.runInAsyncScope (node:async_hooks:206:9)\n    at invokeCallback (D:\\project\\ota\\node_modules\\raw-body\\index.js:238:16)\n    at done (D:\\project\\ota\\node_modules\\raw-body\\index.js:227:7)\n    at IncomingMessage.onEnd (D:\\project\\ota\\node_modules\\raw-body\\index.js:287:7)\n    at IncomingMessage.emit (node:events:519:28)\n    at endReadableNT (node:internal/streams/readable:1696:12)\n    at process.processTicksAndRejections (node:internal/process/task_queues:82:21)","status":400},"endpoint":"/api/auth/register","error":"Expected property name or '}' in JSON at position 1","event":"api_error","level":"error","message":"API error","method":"POST","service":"ota-server","timestamp":"2026-01-23 18:23:33"}
{"intervalMs":60000,"level":"info","message":"Starting rollback protection watchdog","service":"ota-server","timestamp":"2026-01-24 11:18:09"}
{"level":"info","message":"11:18:13 AM [express] serving on port 5000","service":"ota-server","timestamp":"2026-01-24 11:18:13"}
{"environment":"development","level":"info","message":"OTA Server started","port":5000,"service":"ota-server","timestamp":"2026-01-24 11:18:13"}
{"intervalMs":60000,"level":"info","message":"Starting rollback protection watchdog","service":"ota-server","timestamp":"2026-01-24 11:31:05"}
{"level":"info","message":"11:31:06 AM [express] serving on port 5000","service":"ota-server","timestamp":"2026-01-24 11:31:06"}
{"environment":"development","level":"info","message":"OTA Server started","port":5000,"service":"ota-server","timestamp":"2026-01-24 11:31:06"}
{"intervalMs":60000,"level":"info","message":"Starting rollback protection watchdog","service":"ota-server","timestamp":"2026-01-24 11:34:48"}
{"level":"info","message":"11:34:50 AM [express] serving on port 5000","service":"ota-server","timestamp":"2026-01-24 11:34:50"}
{"environment":"development","level":"info","message":"OTA Server started","port":5000,"service":"ota-server","timestamp":"2026-01-24 11:34:50"}
{"filename":"default_v0.0.0.ino.bin","ip":"127.0.0.1","level":"info","message":"Firmware file download","service":"ota-server","timestamp":"2026-01-24 11:39:12"}
{"filename":"default_v1.0.1.ino.bin","ip":"127.0.0.1","level":"info","message":"Firmware file download","service":"ota-server","timestamp":"2026-01-24 11:39:21"}
{"intervalMs":60000,"level":"info","message":"Starting rollback protection watchdog","service":"ota-server","timestamp":"2026-01-24 11:46:23"}
{"level":"info","message":"11:46:25 AM [express] serving on port 5000","service":"ota-server","timestamp":"2026-01-24 11:46:25"}
{"environment":"development","level":"info","message":"OTA Server started","port":5000,"service":"ota-server","timestamp":"2026-01-24 11:46:25"}
{"intervalMs":60000,"level":"info","message":"Starting rollback protection watchdog","service":"ota-server","timestamp":"2026-01-24 12:16:16"}
{"level":"info","message":"12:16:18 PM [express] serving on port 5000","service":"ota-server","timestamp":"2026-01-24 12:16:18"}
{"environment":"development","level":"info","message":"OTA Server started","port":5000,"service":"ota-server","timestamp":"2026-01-24 12:16:18"}
{"level":"info","message":"User logged in","service":"ota-server","timestamp":"2026-01-24 12:17:00","userId":"369faea6-5097-449d-b774-a9421fd3a40f"}
{"intervalMs":60000,"level":"info","message":"Starting rollback protection watchdog","service":"ota-server","timestamp":"2026-01-24 14:00:32"}
{"level":"info","message":"2:00:36 PM [express] serving on port 5000","service":"ota-server","timestamp":"2026-01-24 14:00:36"}
{"environment":"development","level":"info","message":"OTA Server started","port":5000,"service":"ota-server","timestamp":"2026-01-24 14:00:36"}
{"intervalMs":60000,"level":"info","message":"Starting rollback protection watchdog","service":"ota-server","timestamp":"2026-01-24 14:09:21"}
{"level":"info","message":"2:09:22 PM [express] serving on port 5000","service":"ota-server","timestamp":"2026-01-24 14:09:22"}
{"environment":"development","level":"info","message":"OTA Server started","port":5000,"service":"ota-server","timestamp":"2026-01-24 14:09:22"}
{"intervalMs":60000,"level":"info","message":"Starting rollback protection watchdog","service":"ota-server","timestamp":"2026-01-24 14:22:27"}
{"level":"info","message":"2:22:28 PM [express] serving on port 5000","service":"ota-server","timestamp":"2026-01-24 14:22:28"}
{"environment":"development","level":"info","message":"OTA Server started","port":5000,"service":"ota-server","timestamp":"2026-01-24 14:22:28"}
{"deviceId":"0c61767f-e7b6-4f36-a4cb-e9a9303fa792","level":"info","macAddress":"DE81284280EB","message":"Starting update for device DE81284280EB to version v1.0.1","service":"update-queue","timestamp":"2026-01-24 14:23:56","version":"v1.0.1"}
{"deviceId":"0c61767f-e7b6-4f36-a4cb-e9a9303fa792","level":"info","macAddress":"DE81284280EB","message":"Successfully queued update for device DE81284280EB","service":"update-queue","timestamp":"2026-01-24 14:23:57","version":"v1.0.1"}
{"deviceCount":1,"deviceIds":["DE81284280EB"],"event":"deploy","level":"info","message":"Deployment scheduled","scheduledBy":"admin","service":"ota-server","timestamp":"2026-01-24 14:23:57","version":"v1.0.1"}
{"deviceCount":1,"level":"info","message":"Deployment initiated","queueStatus":{"activeUpdates":[],"pending":0,"size":0},"service":"ota-server","timestamp":"2026-01-24 14:23:57","version":"v1.0.1"}
{"currentVersion":"v0.0.0","event":"ota_check","level":"info","mac":"DE81284280EB","message":"OTA Check","service":"ota-server","targetVersion":"v1.0.1","timestamp":"2026-01-24 14:24:04","updateAvailable":true}
{"currentVersion":"v0.0.0","event":"ota_check","level":"info","mac":"DE81284280EB","message":"OTA Check","service":"ota-server","targetVersion":"v1.0.1","timestamp":"2026-01-24 14:24:04","updateAvailable":true}
{"filename":"default_v1.0.1.ino.bin","firmwareId":8,"level":"info","message":"Firmware download","service":"ota-server","timestamp":"2026-01-24 14:24:04","version":"v1.0.1"}
{"currentVersion":"v1.0.1","event":"ota_check","level":"info","mac":"DE81284280EB","message":"OTA Check","service":"ota-server","targetVersion":"v1.0.1","timestamp":"2026-01-24 14:24:23","updateAvailable":false}
{"event":"rollback","fromVersion":"v1.0.1","level":"info","mac":"DE81284280EB","message":"Rollback scheduled","service":"ota-server","timestamp":"2026-01-24 14:24:40","toVersion":"v0.0.0"}
{"from":"v1.0.1","level":"info","macAddress":"DE81284280EB","message":"Rollback scheduled","service":"ota-server","timestamp":"2026-01-24 14:24:40","to":"v0.0.0"}
{"currentVersion":"v1.0.1","event":"ota_check","level":"info","mac":"DE81284280EB","message":"OTA Check","service":"ota-server","targetVersion":"v0.0.0","timestamp":"2026-01-24 14:24:45","updateAvailable":true}
{"currentVersion":"v1.0.1","event":"ota_check","level":"info","mac":"DE81284280EB","message":"OTA Check","service":"ota-server","targetVersion":"v0.0.0","timestamp":"2026-01-24 14:24:46","updateAvailable":true}
{"filename":"default_v0.0.0.ino.bin","firmwareId":9,"level":"info","message":"Firmware download","service":"ota-server","timestamp":"2026-01-24 14:24:46","version":"v0.0.0"}
{"currentVersion":"v0.0.0","event":"ota_check","level":"info","mac":"DE81284280EB","message":"OTA Check","service":"ota-server","targetVersion":"v0.0.0","timestamp":"2026-01-24 14:25:15","updateAvailable":false}
{"intervalMs":60000,"level":"info","message":"Starting rollback protection watchdog","service":"ota-server","timestamp":"2026-01-24 14:30:00"}
{"level":"info","message":"2:30:02 PM [express] serving on port 5000","service":"ota-server","timestamp":"2026-01-24 14:30:02"}
{"environment":"development","level":"info","message":"OTA Server started","port":5000,"service":"ota-server","timestamp":"2026-01-24 14:30:02"}
{"intervalMs":60000,"level":"info","message":"Starting rollback protection watchdog","service":"ota-server","timestamp":"2026-01-26 10:38:57"}
{"level":"info","message":"10:39:01 AM [express] serving on port 5000","service":"ota-server","timestamp":"2026-01-26 10:39:01"}
{"environment":"development","level":"info","message":"OTA Server started","port":5000,"service":"ota-server","timestamp":"2026-01-26 10:39:01"}
{"deviceId":"0c61767f-e7b6-4f36-a4cb-e9a9303fa792","level":"info","macAddress":"DE81284280EB","message":"Starting update for device DE81284280EB to version v1.0.1","service":"update-queue","timestamp":"2026-01-26 10:43:46","version":"v1.0.1"}
{"deviceId":"0c61767f-e7b6-4f36-a4cb-e9a9303fa792","level":"info","macAddress":"DE81284280EB","message":"Successfully queued update for device DE81284280EB","service":"update-queue","timestamp":"2026-01-26 10:43:46","version":"v1.0.1"}
{"deviceCount":1,"deviceIds":["DE81284280EB"],"event":"deploy","level":"info","message":"Deployment scheduled","scheduledBy":"admin","service":"ota-server","timestamp":"2026-01-26 10:43:47","version":"v1.0.1"}
{"deviceCount":1,"level":"info","message":"Deployment initiated","queueStatus":{"activeUpdates":[],"pending":0,"size":0},"service":"ota-server","timestamp":"2026-01-26 10:43:47","version":"v1.0.1"}
{"currentVersion":"v0.0.0","event":"ota_check","level":"info","mac":"DE81284280EB","message":"OTA Check","service":"ota-server","targetVersion":"v1.0.1","timestamp":"2026-01-26 10:45:08","updateAvailable":true}
{"currentVersion":"v0.0.0","event":"ota_check","level":"info","mac":"DE81284280EB","message":"OTA Check","service":"ota-server","targetVersion":"v1.0.1","timestamp":"2026-01-26 10:45:08","updateAvailable":true}
{"filename":"default_v1.0.1.ino.bin","firmwareId":8,"level":"info","message":"Firmware download","service":"ota-server","timestamp":"2026-01-26 10:45:09","version":"v1.0.1"}
{"currentVersion":"v0.0.0","event":"ota_check","level":"info","mac":"DE81284280EB","message":"OTA Check","service":"ota-server","targetVersion":"v1.0.1","timestamp":"2026-01-26 10:46:15","updateAvailable":true}
{"currentVersion":"v0.0.0","event":"ota_check","level":"info","mac":"DE81284280EB","message":"OTA Check","service":"ota-server","targetVersion":"v1.0.1","timestamp":"2026-01-26 10:46:15","updateAvailable":true}
{"filename":"default_v1.0.1.ino.bin","firmwareId":8,"level":"info","message":"Firmware download","service":"ota-server","timestamp":"2026-01-26 10:46:15","version":"v1.0.1"}
{"currentVersion":"v1.0.1","event":"ota_check","level":"info","mac":"DE81284280EB","message":"OTA Check","service":"ota-server","targetVersion":"v1.0.1","timestamp":"2026-01-26 10:46:30","updateAvailable":false}
{"deviceId":"d0d82249-eb8c-11f0-8b0a-0a930a0bad3f","level":"info","macAddress":"3C8A1F3B3C44","message":"Starting update for device 3C8A1F3B3C44 to version v1.0.1","service":"update-queue","timestamp":"2026-01-26 10:51:28","version":"v1.0.1"}
{"deviceId":"d0d82249-eb8c-11f0-8b0a-0a930a0bad3f","level":"info","macAddress":"3C8A1F3B3C44","message":"Successfully queued update for device 3C8A1F3B3C44","service":"update-queue","timestamp":"2026-01-26 10:51:29","version":"v1.0.1"}
{"deviceCount":1,"deviceIds":["3C8A1F3B3C44"],"event":"deploy","level":"info","message":"Deployment scheduled","scheduledBy":"admin","service":"ota-server","timestamp":"2026-01-26 10:51:29","version":"v1.0.1"}
{"deviceCount":1,"level":"info","message":"Deployment initiated","queueStatus":{"activeUpdates":[],"pending":0,"size":0},"service":"ota-server","timestamp":"2026-01-26 10:51:29","version":"v1.0.1"}
{"currentVersion":"v0.0.0","event":"ota_check","level":"info","mac":"3C8A1F3B3C44","message":"OTA Check","service":"ota-server","targetVersion":"v1.0.1","timestamp":"2026-01-26 10:51:55","updateAvailable":true}
{"currentVersion":"v0.0.0","event":"ota_check","level":"info","mac":"3C8A1F3B3C44","message":"OTA Check","service":"ota-server","targetVersion":"v1.0.1","timestamp":"2026-01-26 10:51:55","updateAvailable":true}
{"filename":"default_v1.0.1.ino.bin","firmwareId":8,"level":"info","message":"Firmware download","service":"ota-server","timestamp":"2026-01-26 10:51:55","version":"v1.0.1"}
{"currentVersion":"v1.0.1","event":"ota_check","level":"info","mac":"3C8A1F3B3C44","message":"OTA Check","service":"ota-server","targetVersion":"v1.0.1","timestamp":"2026-01-26 10:52:10","updateAvailable":false}
{"intervalMs":60000,"level":"info","message":"Starting rollback protection watchdog","service":"ota-server","timestamp":"2026-01-26 10:53:16"}
{"level":"info","message":"10:53:22 AM [express] serving on port 5000","service":"ota-server","timestamp":"2026-01-26 10:53:22"}
{"environment":"development","level":"info","message":"OTA Server started","port":5000,"service":"ota-server","timestamp":"2026-01-26 10:53:22"}
{"intervalMs":60000,"level":"info","message":"Starting rollback protection watchdog","service":"ota-server","timestamp":"2026-01-26 11:05:47"}
{"level":"info","message":"11:05:48 AM [express] serving on port 5000","service":"ota-server","timestamp":"2026-01-26 11:05:48"}
{"environment":"development","level":"info","message":"OTA Server started","port":5000,"service":"ota-server","timestamp":"2026-01-26 11:05:48"}
{"level":"info","macAddress":"3C8A1F3B3C44","message":"Device activity reset","previousStatus":"updated","service":"ota-server","timestamp":"2026-01-26 11:07:05"}
{"level":"info","macAddress":"DE81284280EB","message":"Device activity reset","previousStatus":"updated","service":"ota-server","timestamp":"2026-01-26 11:07:05"}
{"intervalMs":60000,"level":"info","message":"Starting rollback protection watchdog","service":"ota-server","timestamp":"2026-01-26 11:16:30"}
{"level":"info","message":"11:16:31 AM [express] serving on port 5000","service":"ota-server","timestamp":"2026-01-26 11:16:31"}
{"environment":"development","level":"info","message":"OTA Server started","port":5000,"service":"ota-server","timestamp":"2026-01-26 11:16:31"}
{"intervalMs":60000,"level":"info","message":"Starting rollback protection watchdog","service":"ota-server","timestamp":"2026-01-26 11:18:11"}
{"level":"info","message":"11:18:11 AM [express] serving on port 5000","service":"ota-server","timestamp":"2026-01-26 11:18:11"}
{"environment":"development","level":"info","message":"OTA Server started","port":5000,"service":"ota-server","timestamp":"2026-01-26 11:18:11"}
{"intervalMs":60000,"level":"info","message":"Starting rollback protection watchdog","service":"ota-server","timestamp":"2026-01-27 11:10:23"}
{"level":"info","message":"11:10:28 AM [express] serving on port 5000","service":"ota-server","timestamp":"2026-01-27 11:10:28"}
{"environment":"development","level":"info","message":"OTA Server started","port":5000,"service":"ota-server","timestamp":"2026-01-27 11:10:28"}
{"event":"rollback","fromVersion":"v1.0.1","level":"info","mac":"DE81284280EB","message":"Rollback scheduled","service":"ota-server","timestamp":"2026-01-27 11:39:16","toVersion":"v0.0.0"}
{"from":"v1.0.1","level":"info","macAddress":"DE81284280EB","message":"Rollback scheduled","service":"ota-server","timestamp":"2026-01-27 11:39:16","to":"v0.0.0"}
{"currentVersion":"v1.0.1","event":"ota_check","level":"info","mac":"3C8A1F3B3C44","message":"OTA Check","service":"ota-server","targetVersion":null,"timestamp":"2026-01-27 11:39:56","updateAvailable":false}
{"currentVersion":"v1.0.1","event":"ota_check","level":"info","mac":"DE81284280EB","message":"OTA Check","service":"ota-server","targetVersion":"v0.0.0","timestamp":"2026-01-27 11:40:14","updateAvailable":true}
{"currentVersion":"v1.0.1","event":"ota_check","level":"info","mac":"DE81284280EB","message":"OTA Check","service":"ota-server","targetVersion":"v0.0.0","timestamp":"2026-01-27 11:40:14","updateAvailable":true}
{"filename":"default_v0.0.0.ino.bin","firmwareId":9,"level":"info","message":"Firmware download","service":"ota-server","timestamp":"2026-01-27 11:40:14","version":"v0.0.0"}
{"currentVersion":"v0.0.0","event":"ota_check","level":"info","mac":"DE81284280EB","message":"OTA Check","service":"ota-server","targetVersion":"v0.0.0","timestamp":"2026-01-27 11:40:36","updateAvailable":false}
{"event":"rollback","fromVersion":"v1.0.1","level":"info","mac":"3C8A1F3B3C44","message":"Rollback scheduled","service":"ota-server","timestamp":"2026-01-27 11:40:48","toVersion":"v0.0.0"}
{"from":"v1.0.1","level":"info","macAddress":"3C8A1F3B3C44","message":"Rollback scheduled","service":"ota-server","timestamp":"2026-01-27 11:40:48","to":"v0.0.0"}
{"currentVersion":"v1.0.1","event":"ota_check","level":"info","mac":"3C8A1F3B3C44","message":"OTA Check","service":"ota-server","targetVersion":"v0.0.0","timestamp":"2026-01-27 11:41:06","updateAvailable":true}
{"currentVersion":"v1.0.1","event":"ota_check","level":"info","mac":"3C8A1F3B3C44","message":"OTA Check","service":"ota-server","targetVersion":"v0.0.0","timestamp":"2026-01-27 11:41:06","updateAvailable":true}
{"filename":"default_v0.0.0.ino.bin","firmwareId":9,"level":"info","message":"Firmware download","service":"ota-server","timestamp":"2026-01-27 11:41:06","version":"v0.0.0"}
{"currentVersion":"v0.0.0","event":"ota_check","level":"info","mac":"3C8A1F3B3C44","message":"OTA Check","service":"ota-server","targetVersion":"v0.0.0","timestamp":"2026-01-27 11:41:19","updateAvailable":false}
{"level":"info","macAddress":"DE81284280EB","message":"Device activity reset","previousStatus":"updated","service":"ota-server","timestamp":"2026-01-27 11:41:31"}
{"level":"info","macAddress":"3C8A1F3B3C44","message":"Device activity reset","previousStatus":"updated","service":"ota-server","timestamp":"2026-01-27 11:41:31"}
{"intervalMs":60000,"level":"info","message":"Starting rollback protection watchdog","service":"ota-server","timestamp":"2026-01-27 12:05:29"}
{"level":"info","message":"12:05:38 PM [express] serving on port 5000","service":"ota-server","timestamp":"2026-01-27 12:05:38"}
{"environment":"development","level":"info","message":"OTA Server started","port":5000,"service":"ota-server","timestamp":"2026-01-27 12:05:38"}
{"intervalMs":60000,"level":"info","message":"Starting rollback protection watchdog","service":"ota-server","timestamp":"2026-01-27 12:24:06"}
{"level":"info","message":"12:24:07 PM [express] serving on port 5000","service":"ota-server","timestamp":"2026-01-27 12:24:07"}
{"environment":"development","level":"info","message":"OTA Server started","port":5000,"service":"ota-server","timestamp":"2026-01-27 12:24:07"}
{"intervalMs":60000,"level":"info","message":"Starting rollback protection watchdog","service":"ota-server","timestamp":"2026-02-06 16:53:38"}
{"error":"Unknown database 'ota_db'","level":"error","message":"Rollback watchdog check failed","service":"ota-server","timestamp":"2026-02-06 16:53:39"}
{"level":"info","message":"4:53:42 PM [express] serving on port 5000","service":"ota-server","timestamp":"2026-02-06 16:53:42"}
{"environment":"development","level":"info","message":"OTA Server started","port":5000,"service":"ota-server","timestamp":"2026-02-06 16:53:42"}
{"error":"Unknown database 'ota_db'","level":"error","message":"Rollback watchdog check failed","service":"ota-server","timestamp":"2026-02-06 16:54:38"}
{"error":"Unknown database 'ota_db'","level":"error","message":"Rollback watchdog check failed","service":"ota-server","timestamp":"2026-02-06 16:55:38"}
{"level":"info","message":"Initializing DB storage with Host: 40.192.42.60, Port: 3306, User: testing, DB: ota_db ","service":"ota-server","timestamp":"2026-02-06 16:58:22"}
{"intervalMs":60000,"level":"info","message":"Starting rollback protection watchdog","service":"ota-server","timestamp":"2026-02-06 16:58:22"}
{"level":"info","message":"4:58:23 PM [express] serving on port 5000","service":"ota-server","timestamp":"2026-02-06 16:58:23"}
{"environment":"development","level":"info","message":"OTA Server started","port":5000,"service":"ota-server","timestamp":"2026-02-06 16:58:23"}
{"intervalMs":60000,"level":"info","message":"Starting rollback protection watchdog","service":"ota-server","timestamp":"2026-02-06 17:11:00"}
